Run_ID,R_wind_end,Rho_wind_end,R_cavity,Rho_cavity,R_peak,Rho_peak,R_ism,Rho_ism
p4_n21,1.1678077925353062e+18,4.671740776941037e-25,9.652676351919915e+18,4.812448263416716e-27,1.6311253898545332e+19,2.263890342877851e-21,1.7640681104270688e+19,1.004113354082609e-21
p4_n22,1.7578991904882688e+18,1.9808255421864017e-25,1.5436803504882057e+19,1.4367469162972862e-27,2.9407106987938808e+19,1.2562171940070034e-22,3.900198201358654e+19,1.0127167216020473e-22
p4_n23,1.9550695254560604e+18,1.578734510629101e-25,nan,nan,nan,nan,9.952777495409748e+19,1.0194991425613022e-23
p4_n24,1.9550695254560604e+18,1.5787346338886175e-25,nan,nan,6.071717613346488e+17,1.9490932671472404e-24,2.7700185554560745e+19,9.803511707218496e-25
p5_n20,3.033007291986084e+17,6.447217659555445e-27,3.257607280970957e+17,5.584505815058938e-27,8.465485268898546e+18,1.61272124387582e-20,1.0414182712154784e+19,1.0068909320677148e-20
p5_n21,4.273609282630451e+17,3.246588640688162e-27,4.5900782784793805e+17,2.815833415989563e-27,2.4719015906497266e+19,1.0812817725587948e-21,2.552657641077316e+19,1.0141530164294013e-21
p5_n22,4.273609282630451e+17,3.24658941106014e-27,nan,nan,nan,nan,1.1105751336770077e+19,9.859437922208049e-23
p5_n23,4.273609282630451e+17,3.2465901814321175e-27,nan,nan,nan,nan,1.1468571482238484e+19,9.819409226610962e-24
p6_n19,2.101888103386972e+17,1.6518550140101682e-23,2.7414225120164577e+18,1.6412041591945201e-25,1.0699543362958e+19,1.1261923160711396e-19,1.1083738014470373e+19,1.011019500364892e-19
p6_n20,1.338138979949609e+17,3.3116685868481267e-26,nan,nan,nan,nan,5.064782115850158e+18,9.8839989108546e-21
p6_n21,1.338138979949609e+17,3.311668894996918e-26,nan,nan,nan,nan,5.24664573713082e+18,9.804620672101837e-22
p6_n22,1.338138979949609e+17,3.311668894996918e-26,nan,nan,nan,nan,5.454247276350276e+18,9.823092260405258e-23
