run_id,snapshot,cavity_floor_over_ism,rise_start_pc,rise_90ism_pc,rise_width_pc,rise_width_dex,rise_unique_samples,outer_peak_over_ism,peak_radius_pc
p4_n21,test0004.vtu,4.812448263416717e-06,3.8194411090822737,4.616793139451037,0.7973520303687631,0.082340597792518,56,2.2638903428778514,5.286078929901123
p4_n22,test0004.vtu,1.436746916297286e-05,6.053579418393699,7.313988798757017,1.2604093803633178,0.08214204648708148,57,1.2562171940070033,9.530125617980957
p4_n23,test0004.vtu,0.00010248377827729912,6.9558275423282545,8.511524697262756,1.5556971549345011,0.08765855775843501,60,1.0275395284516768,31.51311492919922
p4_n24,test0004.vtu,0.0010356821165108524,7.004363880099002,8.53845308204121,1.5340892019422077,0.08601049655167341,59,1.0035193252548986,32.254520416259766
p5_n20,test0003.vtu,2.103092388111529e-06,1.9503023218538547,2.4131013561213805,0.4627990342675259,0.09247362592432079,60,1.61272124387582,2.743457078933716
p5_n21,test0003.vtu,9.962133793443437e-06,2.6425258575336943,3.288474559082493,0.6459487015487988,0.0949752406968497,61,1.0812817725587949,8.010828971862793
p5_n22,test0003.vtu,8.886123666862087e-05,2.8044466451398966,3.5177807706650692,0.7133341255251726,0.09842158864896842,63,1.007179233591758,4.4593353271484375
p5_n23,test0003.vtu,0.0008767225996559353,2.8528967093617803,3.5880593639706198,0.7351626546088394,0.09957357169692543,65,1.0015139816692589,5.525174617767334
p6_n19,test0004.vtu,1.6412041591945203e-06,1.247945290288678,1.6970747987452073,0.4491295084565292,0.13350543794639827,87,1.1261923160711396,3.4674606323242188
p6_n20,test0003.vtu,9.679828671079223e-06,1.2161577985942962,1.611107257689016,0.3949494590947198,0.12213452499900629,79,1.015589737872733,1.9305610656738281
p6_n21,test0003.vtu,9.546923481179367e-05,1.245434188912864,1.6549931170514607,0.40955892813859673,0.12347540838795437,81,1.0024857510194083,2.2231428623199463
p6_n22,test0003.vtu,0.000949416840814271,1.2661178710676277,1.6844244801397337,0.41830660907210593,0.12397740566456228,81,1.000642795239969,3.443082094192505
