Time,TimeUnits,Value,ValueLower,ValueUpper,ValueUnits,ValueType,Wave,WaveLower,WaveUpper,WaveUnits,Filter,CalGroup,HostGroup,SlopGroup,Include
1196.4,s,0.313328572,0.073445281,0.073445281,mJy,Spectral Flux,1550000000000000.0,,,Hz,uvw2,uvw2_offset,,slop_uvot,1
8010.0,s,0.044874539,0.013251762,0.013251762,mJy,Spectral Flux,1330000000000000.0,,,Hz,uvm2,uvm2_offset,,slop_uvot,1
19218.0,s,0.034994517,0.006418611,0.006418611,mJy,Spectral Flux,1330000000000000.0,,,Hz,uvm2,uvm2_offset,,slop_uvot,1
36240.0,s,0.021086281,0.00523735,0.00523735,mJy,Spectral Flux,1150000000000000.0,,,Hz,uvw1,uvw1_offset,,slop_uvot,1
1098.0,s,0.244343055,0.065694298,0.065694298,mJy,Spectral Flux,1150000000000000.0,,,Hz,uvw1,uvw1_offset,,slop_uvot,1
1270.2,s,0.366437575,0.083298375,0.083298375,mJy,Spectral Flux,1150000000000000.0,,,Hz,uvw1,uvw1_offset,,slop_uvot,1
1442.4,s,0.304789499,0.075702734,0.075702734,mJy,Spectral Flux,1150000000000000.0,,,Hz,uvw1,uvw1_offset,,slop_uvot,1
1616.4,s,0.145881426,0.052125225,0.052125225,mJy,Spectral Flux,1150000000000000.0,,,Hz,uvw1,uvw1_offset,,slop_uvot,1
1789.2,s,0.190546072,0.059928983,0.059928983,mJy,Spectral Flux,1150000000000000.0,,,Hz,uvw1,uvw1_offset,,slop_uvot,1
1962.6,s,0.124738351,0.047470293,0.047470293,mJy,Spectral Flux,1150000000000000.0,,,Hz,uvw1,uvw1_offset,,slop_uvot,1
2134.8,s,0.343557948,0.078097392,0.078097392,mJy,Spectral Flux,1150000000000000.0,,,Hz,uvw1,uvw1_offset,,slop_uvot,1
5650.2,s,0.110662378,0.01776574,0.01776574,mJy,Spectral Flux,1150000000000000.0,,,Hz,uvw1,uvw1_offset,,slop_uvot,1
25080.0,s,0.022490546,0.005894677,0.005894677,mJy,Spectral Flux,1150000000000000.0,,,Hz,uvw1,uvw1_offset,,slop_uvot,1
1122.0,s,0.394457302,0.063326181,0.063326181,mJy,Spectral Flux,865000000000000.0,,,Hz,uvot-u,uvot-u_offset,,slop_uvot,1
1467.0,s,0.35318317,0.059418205,0.059418205,mJy,Spectral Flux,865000000000000.0,,,Hz,uvot-u,uvot-u_offset,,slop_uvot,1
1641.0,s,0.293764965,0.056080937,0.056080937,mJy,Spectral Flux,865000000000000.0,,,Hz,uvot-u,uvot-u_offset,,slop_uvot,1
1987.2,s,0.125892541,0.04038587,0.04038587,mJy,Spectral Flux,865000000000000.0,,,Hz,uvot-u,uvot-u_offset,,slop_uvot,1
2159.4,s,0.220800473,0.050192234,0.050192234,mJy,Spectral Flux,865000000000000.0,,,Hz,uvot-u,uvot-u_offset,,slop_uvot,1
5768.4,s,0.226986485,0.045016399,0.045016399,mJy,Spectral Flux,865000000000000.0,,,Hz,uvot-u,uvot-u_offset,,slop_uvot,1
6240.0,s,0.081658237,0.013109414,0.013109414,mJy,Spectral Flux,865000000000000.0,,,Hz,uvot-u,uvot-u_offset,,slop_uvot,1
30018.0,s,0.035974934,0.00893535,0.00893535,mJy,Spectral Flux,865000000000000.0,,,Hz,uvot-u,uvot-u_offset,,slop_uvot,1
30324.0,s,0.029376497,0.008483535,0.008483535,mJy,Spectral Flux,865000000000000.0,,,Hz,uvot-u,uvot-u_offset,,slop_uvot,1
30624.0,s,0.04130475,0.009094062,0.009094062,mJy,Spectral Flux,865000000000000.0,,,Hz,uvot-u,uvot-u_offset,,slop_uvot,1
1147.2,s,0.265460556,0.040555096,0.040555096,mJy,Spectral Flux,683000000000000.0,,,Hz,uvot-b,uvot-b_offset,,slop_uvot,1
1318.8,s,0.21677041,0.038121653,0.038121653,mJy,Spectral Flux,683000000000000.0,,,Hz,uvot-b,uvot-b_offset,,slop_uvot,1
1493.4,s,0.173780083,0.034464403,0.034464403,mJy,Spectral Flux,683000000000000.0,,,Hz,uvot-b,uvot-b_offset,,slop_uvot,1
1666.2,s,0.136772883,0.032060028,0.032060028,mJy,Spectral Flux,683000000000000.0,,,Hz,uvot-b,uvot-b_offset,,slop_uvot,1
1838.4,s,0.164437172,0.035017588,0.035017588,mJy,Spectral Flux,683000000000000.0,,,Hz,uvot-b,uvot-b_offset,,slop_uvot,1
2011.8,s,0.114815362,0.030869363,0.030869363,mJy,Spectral Flux,683000000000000.0,,,Hz,uvot-b,uvot-b_offset,,slop_uvot,1
2184.0,s,0.214783047,0.037772152,0.037772152,mJy,Spectral Flux,683000000000000.0,,,Hz,uvot-b,uvot-b_offset,,slop_uvot,1
6444.0,s,0.044055486,0.008737169,0.008737169,mJy,Spectral Flux,683000000000000.0,,,Hz,uvot-b,uvot-b_offset,,slop_uvot,1
13782.0,s,0.032210688,0.009302011,0.009302011,mJy,Spectral Flux,683000000000000.0,,,Hz,uvot-b,uvot-b_offset,,slop_uvot,1
30930.0,s,0.027797133,0.006710851,0.006710851,mJy,Spectral Flux,683000000000000.0,,,Hz,uvot-b,uvot-b_offset,,slop_uvot,1
31146.0,s,0.017378008,0.008587783,0.008587783,mJy,Spectral Flux,683000000000000.0,,,Hz,uvot-b,uvot-b_offset,,slop_uvot,1
1048.8,s,0.316227766,0.078543737,0.078543737,mJy,Spectral Flux,548000000000000.0,,,Hz,uvot-v,uvot-v_offset,,slop_uvot,1
1221.0,s,0.235504928,0.071067756,0.071067756,mJy,Spectral Flux,548000000000000.0,,,Hz,uvot-v,uvot-v_offset,,slop_uvot,1
1392.6,s,0.253512863,0.073211089,0.073211089,mJy,Spectral Flux,548000000000000.0,,,Hz,uvot-v,uvot-v_offset,,slop_uvot,1
1566.6,s,0.277971327,0.076598902,0.076598902,mJy,Spectral Flux,548000000000000.0,,,Hz,uvot-v,uvot-v_offset,,slop_uvot,1
1740.0,s,0.114815362,0.055659199,0.055659199,mJy,Spectral Flux,548000000000000.0,,,Hz,uvot-v,uvot-v_offset,,slop_uvot,1
1913.4,s,0.322106879,0.082223587,0.082223587,mJy,Spectral Flux,548000000000000.0,,,Hz,uvot-v,uvot-v_offset,,slop_uvot,1
2085.6,s,0.165958691,0.064099552,0.064099552,mJy,Spectral Flux,548000000000000.0,,,Hz,uvot-v,uvot-v_offset,,slop_uvot,1
2259.6,s,0.337287309,0.08142872,0.08142872,mJy,Spectral Flux,548000000000000.0,,,Hz,uvot-v,uvot-v_offset,,slop_uvot,1
12042.0,s,0.054954087,0.01514337,0.01514337,mJy,Spectral Flux,548000000000000.0,,,Hz,uvot-v,uvot-v_offset,,slop_uvot,1
12210.0,s,0.044874539,0.031691972,0.031691972,mJy,Spectral Flux,548000000000000.0,,,Hz,uvot-v,uvot-v_offset,,slop_uvot,1
27192.0,s,0.049203954,0.000898073,0.000898073,mJy,Spectral Flux,481000000000000.0,,,Hz,r,r_offset,r_host,slop_other,1
34398.0,s,0.03944573,0.002801973,0.002801973,mJy,Spectral Flux,481000000000000.0,,,Hz,r,r_offset,r_host,slop_other,1
29958.0,s,0.049659232,0.001796223,0.001796223,mJy,Spectral Flux,394000000000000.0,,,Hz,r,r_offset,r_host,slop_other,1
1526400.0,s,0.006546362,0.000630745,0.000630745,mJy,Spectral Flux,481000000000000.0,,,Hz,r,r_offset,r_host,slop_other,1
28848000.0,s,0.007943282,0.000765339,0.000765339,mJy,Spectral Flux,481000000000000.0,,,Hz,r,r_offset,r_host,slop_other,1
28926000.0,s,0.005597576,0.000722291,0.000722291,mJy,Spectral Flux,481000000000000.0,,,Hz,r,r_offset,r_host,slop_other,1
29022000.0,s,0.007046931,0.000909311,0.000909311,mJy,Spectral Flux,481000000000000.0,,,Hz,r,r_offset,r_host,slop_other,1
561600.0,s,0.005754399,0.000506325,0.000506325,mJy,Spectral Flux,481000000000000.0,,,Hz,r,r_offset,r_host,slop_other,1
1597200.0,s,0.005345644,0.000689783,0.000689783,mJy,Spectral Flux,481000000000000.0,,,Hz,r,r_offset,r_host,slop_other,1
2289000.0,s,0.00510505,0.00036263,0.00036263,mJy,Spectral Flux,481000000000000.0,,,Hz,r,r_offset,r_host,slop_other,1
4279200.0,s,0.006309573,0.001738692,0.001738692,mJy,Spectral Flux,481000000000000.0,,,Hz,r,r_offset,r_host,slop_other,1
6258000.0,s,0.003630781,0.000638516,0.000638516,mJy,Spectral Flux,481000000000000.0,,,Hz,r,r_offset,r_host,slop_other,1
560700.0,s,0.007943282,0.00056424,0.00056424,mJy,Spectral Flux,394000000000000.0,,,Hz,i,i_offset,i_host,slop_other,1
561000.0,s,0.008629785,0.000613005,0.000613005,mJy,Spectral Flux,394000000000000.0,,,Hz,i,i_offset,i_host,slop_other,1
561240.0,s,0.007870458,0.000559067,0.000559067,mJy,Spectral Flux,394000000000000.0,,,Hz,i,i_offset,i_host,slop_other,1
1597800.0,s,0.00691831,0.000608736,0.000608736,mJy,Spectral Flux,394000000000000.0,,,Hz,i,i_offset,i_host,slop_other,1
1597800.0,s,0.006982324,0.000555447,0.000555447,mJy,Spectral Flux,394000000000000.0,,,Hz,i,i_offset,i_host,slop_other,1
2289600.0,s,0.007046931,0.000378863,0.000378863,mJy,Spectral Flux,394000000000000.0,,,Hz,i,i_offset,i_host,slop_other,1
2289600.0,s,0.007112135,0.000444067,0.000444067,mJy,Spectral Flux,394000000000000.0,,,Hz,i,i_offset,i_host,slop_other,1
4279200.0,s,0.006426877,0.000777507,0.000777507,mJy,Spectral Flux,394000000000000.0,,,Hz,i,i_offset,i_host,slop_other,1
4279800.0,s,0.006606934,0.000905292,0.000905292,mJy,Spectral Flux,394000000000000.0,,,Hz,i,i_offset,i_host,slop_other,1
6252000.0,s,0.006546362,0.000738718,0.000738718,mJy,Spectral Flux,394000000000000.0,,,Hz,i,i_offset,i_host,slop_other,1
6252000.0,s,0.006606934,0.000745553,0.000745553,mJy,Spectral Flux,394000000000000.0,,,Hz,i,i_offset,i_host,slop_other,1
793.2,s,0.349945167,0.079549331,0.079549331,mJy,Spectral Flux,1550000000000000.0,,,Hz,uvw2,uvw2_offset,,slop_uvot,1
670.2,s,0.401790811,0.108025846,0.108025846,mJy,Spectral Flux,1330000000000000.0,,,Hz,uvm2,uvm2_offset,,slop_uvot,1
694.8,s,0.711213514,0.114178227,0.114178227,mJy,Spectral Flux,1150000000000000.0,,,Hz,uvw1,uvw1_offset,,slop_uvot,1
709.2,s,0.539510623,0.130249963,0.130249963,mJy,Spectral Flux,865000000000000.0,,,Hz,uvot-u,uvot-u_offset,,slop_uvot,1
718.8,s,0.483058802,0.092217906,0.092217906,mJy,Spectral Flux,865000000000000.0,,,Hz,uvot-u,uvot-u_offset,,slop_uvot,1
729.0,s,0.436515832,0.126059873,0.126059873,mJy,Spectral Flux,865000000000000.0,,,Hz,uvot-u,uvot-u_offset,,slop_uvot,1
309.0,s,1.445439771,0.163109188,0.163109188,mJy,Spectral Flux,865000000000000.0,,,Hz,uvot-u,uvot-u_offset,,slop_uvot,1
319.2,s,1.106623784,0.14279476,0.14279476,mJy,Spectral Flux,865000000000000.0,,,Hz,uvot-u,uvot-u_offset,,slop_uvot,1
328.8,s,1.148153621,0.148153621,0.148153621,mJy,Spectral Flux,865000000000000.0,,,Hz,uvot-u,uvot-u_offset,,slop_uvot,1
339.0,s,1.169499391,0.141483093,0.141483093,mJy,Spectral Flux,865000000000000.0,,,Hz,uvot-u,uvot-u_offset,,slop_uvot,1
349.2,s,1.037528416,0.133878942,0.133878942,mJy,Spectral Flux,865000000000000.0,,,Hz,uvot-u,uvot-u_offset,,slop_uvot,1
358.8,s,1.047128548,0.135117709,0.135117709,mJy,Spectral Flux,865000000000000.0,,,Hz,uvot-u,uvot-u_offset,,slop_uvot,1
369.0,s,0.73790423,0.118463155,0.118463155,mJy,Spectral Flux,865000000000000.0,,,Hz,uvot-u,uvot-u_offset,,slop_uvot,1
379.2,s,0.946237161,0.12965479,0.12965479,mJy,Spectral Flux,865000000000000.0,,,Hz,uvot-u,uvot-u_offset,,slop_uvot,1
388.8,s,0.937562007,0.128466108,0.128466108,mJy,Spectral Flux,865000000000000.0,,,Hz,uvot-u,uvot-u_offset,,slop_uvot,1
399.0,s,0.72443596,0.116300959,0.116300959,mJy,Spectral Flux,865000000000000.0,,,Hz,uvot-u,uvot-u_offset,,slop_uvot,1
409.2,s,1.018591388,0.131435376,0.131435376,mJy,Spectral Flux,865000000000000.0,,,Hz,uvot-u,uvot-u_offset,,slop_uvot,1
418.8,s,0.648634434,0.109123811,0.109123811,mJy,Spectral Flux,865000000000000.0,,,Hz,uvot-u,uvot-u_offset,,slop_uvot,1
429.0,s,0.717794291,0.115234705,0.115234705,mJy,Spectral Flux,865000000000000.0,,,Hz,uvot-u,uvot-u_offset,,slop_uvot,1
439.2,s,0.809095899,0.123607673,0.123607673,mJy,Spectral Flux,865000000000000.0,,,Hz,uvot-u,uvot-u_offset,,slop_uvot,1
448.8,s,0.549540874,0.100795484,0.100795484,mJy,Spectral Flux,865000000000000.0,,,Hz,uvot-u,uvot-u_offset,,slop_uvot,1
459.0,s,0.73790423,0.112731537,0.112731537,mJy,Spectral Flux,865000000000000.0,,,Hz,uvot-u,uvot-u_offset,,slop_uvot,1
469.2,s,0.772680585,0.118044411,0.118044411,mJy,Spectral Flux,865000000000000.0,,,Hz,uvot-u,uvot-u_offset,,slop_uvot,1
478.8,s,0.87096359,0.126231616,0.126231616,mJy,Spectral Flux,865000000000000.0,,,Hz,uvot-u,uvot-u_offset,,slop_uvot,1
489.0,s,0.575439937,0.105545829,0.105545829,mJy,Spectral Flux,865000000000000.0,,,Hz,uvot-u,uvot-u_offset,,slop_uvot,1
499.2,s,0.625172693,0.105176696,0.105176696,mJy,Spectral Flux,865000000000000.0,,,Hz,uvot-u,uvot-u_offset,,slop_uvot,1
508.8,s,0.672976656,0.108039681,0.108039681,mJy,Spectral Flux,865000000000000.0,,,Hz,uvot-u,uvot-u_offset,,slop_uvot,1
519.0,s,0.809095899,0.117264928,0.117264928,mJy,Spectral Flux,865000000000000.0,,,Hz,uvot-u,uvot-u_offset,,slop_uvot,1
529.2,s,0.440554864,0.090609696,0.090609696,mJy,Spectral Flux,865000000000000.0,,,Hz,uvot-u,uvot-u_offset,,slop_uvot,1
538.8,s,0.704693069,0.113131435,0.113131435,mJy,Spectral Flux,865000000000000.0,,,Hz,uvot-u,uvot-u_offset,,slop_uvot,1
549.0,s,0.666806769,0.112181056,0.112181056,mJy,Spectral Flux,865000000000000.0,,,Hz,uvot-u,uvot-u_offset,,slop_uvot,1
570.6,s,0.42854852,0.051844721,0.051844721,mJy,Spectral Flux,683000000000000.0,,,Hz,uvot-b,uvot-b_offset,,slop_uvot,1
743.4,s,0.376703799,0.045572678,0.045572678,mJy,Spectral Flux,683000000000000.0,,,Hz,uvot-b,uvot-b_offset,,slop_uvot,1
644.4,s,0.642687717,0.103177095,0.103177095,mJy,Spectral Flux,548000000000000.0,,,Hz,uvot-v,uvot-v_offset,,slop_uvot,1
818.4,s,0.483058802,0.095801157,0.095801157,mJy,Spectral Flux,548000000000000.0,,,Hz,uvot-v,uvot-v_offset,,slop_uvot,1
91.1323,s,1.61e-08,2.18e-09,2.18e-09,erg cm-2 s-1,Integrated Flux,,7.25e+16,2.42e+18,Hz,xray,,,slop_other,0
91.7687,s,1.38e-08,1.87e-09,1.87e-09,erg cm-2 s-1,Integrated Flux,,7.25e+16,2.42e+18,Hz,xray,,,slop_other,0
92.5679,s,1.53e-08,2.15e-09,2.15e-09,erg cm-2 s-1,Integrated Flux,,7.25e+16,2.42e+18,Hz,xray,,,slop_other,0
93.2539,s,1.38e-08,1.94e-09,1.94e-09,erg cm-2 s-1,Integrated Flux,,7.25e+16,2.42e+18,Hz,xray,,,slop_other,0
94.0568,s,1.2e-08,1.74e-09,1.74e-09,erg cm-2 s-1,Integrated Flux,,7.25e+16,2.42e+18,Hz,xray,,,slop_other,0
94.9207,s,1.22e-08,1.76e-09,1.76e-09,erg cm-2 s-1,Integrated Flux,,7.25e+16,2.42e+18,Hz,xray,,,slop_other,0
95.6821,s,1.6e-08,2.32e-09,2.32e-09,erg cm-2 s-1,Integrated Flux,,7.25e+16,2.42e+18,Hz,xray,,,slop_other,0
96.4738,s,1.04e-08,1.57e-09,1.57e-09,erg cm-2 s-1,Integrated Flux,,7.25e+16,2.42e+18,Hz,xray,,,slop_other,0
97.3296,s,1.1e-08,1.66e-09,1.66e-09,erg cm-2 s-1,Integrated Flux,,7.25e+16,2.42e+18,Hz,xray,,,slop_other,0
98.3232,s,1.29e-08,1.93e-09,1.93e-09,erg cm-2 s-1,Integrated Flux,,7.25e+16,2.42e+18,Hz,xray,,,slop_other,0
99.1161,s,1.22e-08,1.96e-09,1.96e-09,erg cm-2 s-1,Integrated Flux,,7.25e+16,2.42e+18,Hz,xray,,,slop_other,0
99.9211,s,1.32e-08,2.24e-09,2.24e-09,erg cm-2 s-1,Integrated Flux,,7.25e+16,2.42e+18,Hz,xray,,,slop_other,0
100.8466,s,1.11e-08,1.99e-09,1.99e-09,erg cm-2 s-1,Integrated Flux,,7.25e+16,2.42e+18,Hz,xray,,,slop_other,0
101.774,s,8.07e-09,1.45e-09,1.45e-09,erg cm-2 s-1,Integrated Flux,,7.25e+16,2.42e+18,Hz,xray,,,slop_other,0
102.907,s,6.88e-09,1.27e-09,1.27e-09,erg cm-2 s-1,Integrated Flux,,7.25e+16,2.42e+18,Hz,xray,,,slop_other,0
104.004,s,9.98e-09,1.88e-09,1.88e-09,erg cm-2 s-1,Integrated Flux,,7.25e+16,2.42e+18,Hz,xray,,,slop_other,0
104.8378,s,9.18e-09,1.73e-09,1.73e-09,erg cm-2 s-1,Integrated Flux,,7.25e+16,2.42e+18,Hz,xray,,,slop_other,0
105.7515,s,8.9e-09,1.68e-09,1.68e-09,erg cm-2 s-1,Integrated Flux,,7.25e+16,2.42e+18,Hz,xray,,,slop_other,0
106.6857,s,9.98e-09,1.87e-09,1.87e-09,erg cm-2 s-1,Integrated Flux,,7.25e+16,2.42e+18,Hz,xray,,,slop_other,0
107.5629,s,8.46e-09,1.58e-09,1.58e-09,erg cm-2 s-1,Integrated Flux,,7.25e+16,2.42e+18,Hz,xray,,,slop_other,0
108.618,s,8.07e-09,1.52e-09,1.52e-09,erg cm-2 s-1,Integrated Flux,,7.25e+16,2.42e+18,Hz,xray,,,slop_other,0
109.655,s,7.52e-09,1.4e-09,1.4e-09,erg cm-2 s-1,Integrated Flux,,7.25e+16,2.42e+18,Hz,xray,,,slop_other,0
110.6966,s,8.79e-09,1.58e-09,1.58e-09,erg cm-2 s-1,Integrated Flux,,7.25e+16,2.42e+18,Hz,xray,,,slop_other,0
111.558,s,9.75e-09,1.7e-09,1.7e-09,erg cm-2 s-1,Integrated Flux,,7.25e+16,2.42e+18,Hz,xray,,,slop_other,0
112.4645,s,7.37e-09,1.29e-09,1.29e-09,erg cm-2 s-1,Integrated Flux,,7.25e+16,2.42e+18,Hz,xray,,,slop_other,0
113.3012,s,8.5e-09,1.43e-09,1.43e-09,erg cm-2 s-1,Integrated Flux,,7.25e+16,2.42e+18,Hz,xray,,,slop_other,0
114.0149,s,6.32e-09,1.19e-09,1.19e-09,erg cm-2 s-1,Integrated Flux,,7.25e+16,2.42e+18,Hz,xray,,,slop_other,0
114.8381,s,7.22e-09,1.22e-09,1.22e-09,erg cm-2 s-1,Integrated Flux,,7.25e+16,2.42e+18,Hz,xray,,,slop_other,0
115.7473,s,5.44e-09,1.02e-09,1.02e-09,erg cm-2 s-1,Integrated Flux,,7.25e+16,2.42e+18,Hz,xray,,,slop_other,0
116.6534,s,7.47e-09,1.24e-09,1.24e-09,erg cm-2 s-1,Integrated Flux,,7.25e+16,2.42e+18,Hz,xray,,,slop_other,0
117.5449,s,6.87e-09,1.15e-09,1.15e-09,erg cm-2 s-1,Integrated Flux,,7.25e+16,2.42e+18,Hz,xray,,,slop_other,0
118.5586,s,4.22e-09,7.66e-10,7.66e-10,erg cm-2 s-1,Integrated Flux,,7.25e+16,2.42e+18,Hz,xray,,,slop_other,0
119.425,s,5.48e-09,8.81e-10,8.81e-10,erg cm-2 s-1,Integrated Flux,,7.25e+16,2.42e+18,Hz,xray,,,slop_other,0
120.437,s,5.44e-09,8.62e-10,8.62e-10,erg cm-2 s-1,Integrated Flux,,7.25e+16,2.42e+18,Hz,xray,,,slop_other,0
121.45,s,5.22e-09,8.13e-10,8.13e-10,erg cm-2 s-1,Integrated Flux,,7.25e+16,2.42e+18,Hz,xray,,,slop_other,0
122.4958,s,5.75e-09,8.97e-10,8.97e-10,erg cm-2 s-1,Integrated Flux,,7.25e+16,2.42e+18,Hz,xray,,,slop_other,0
123.3394,s,5.01e-09,8.89e-10,8.89e-10,erg cm-2 s-1,Integrated Flux,,7.25e+16,2.42e+18,Hz,xray,,,slop_other,0
124.0199,s,3.86e-09,6.94e-10,6.94e-10,erg cm-2 s-1,Integrated Flux,,7.25e+16,2.42e+18,Hz,xray,,,slop_other,0
124.8863,s,5.93e-09,9.39e-10,9.39e-10,erg cm-2 s-1,Integrated Flux,,7.25e+16,2.42e+18,Hz,xray,,,slop_other,0
125.6956,s,3.91e-09,7.04e-10,7.04e-10,erg cm-2 s-1,Integrated Flux,,7.25e+16,2.42e+18,Hz,xray,,,slop_other,0
126.4948,s,4.49e-09,8.04e-10,8.04e-10,erg cm-2 s-1,Integrated Flux,,7.25e+16,2.42e+18,Hz,xray,,,slop_other,0
127.4071,s,3.6e-09,6.55e-10,6.55e-10,erg cm-2 s-1,Integrated Flux,,7.25e+16,2.42e+18,Hz,xray,,,slop_other,0
128.1357,s,5.15e-09,8.61e-10,8.61e-10,erg cm-2 s-1,Integrated Flux,,7.25e+16,2.42e+18,Hz,xray,,,slop_other,0
128.8765,s,6.29e-09,9.36e-10,9.36e-10,erg cm-2 s-1,Integrated Flux,,7.25e+16,2.42e+18,Hz,xray,,,slop_other,0
129.6786,s,4.79e-09,8.29e-10,8.29e-10,erg cm-2 s-1,Integrated Flux,,7.25e+16,2.42e+18,Hz,xray,,,slop_other,0
130.3514,s,4.6e-09,8.01e-10,8.01e-10,erg cm-2 s-1,Integrated Flux,,7.25e+16,2.42e+18,Hz,xray,,,slop_other,0
131.0768,s,4.85e-09,8.33e-10,8.33e-10,erg cm-2 s-1,Integrated Flux,,7.25e+16,2.42e+18,Hz,xray,,,slop_other,0
131.8802,s,3.77e-09,6.62e-10,6.62e-10,erg cm-2 s-1,Integrated Flux,,7.25e+16,2.42e+18,Hz,xray,,,slop_other,0
132.6178,s,4.78e-09,8.28e-10,8.28e-10,erg cm-2 s-1,Integrated Flux,,7.25e+16,2.42e+18,Hz,xray,,,slop_other,0
133.2962,s,4.43e-09,7.66e-10,7.66e-10,erg cm-2 s-1,Integrated Flux,,7.25e+16,2.42e+18,Hz,xray,,,slop_other,0
134.2085,s,3.38e-09,5.96e-10,5.96e-10,erg cm-2 s-1,Integrated Flux,,7.25e+16,2.42e+18,Hz,xray,,,slop_other,0
135.1271,s,5.41e-09,8.15e-10,8.15e-10,erg cm-2 s-1,Integrated Flux,,7.25e+16,2.42e+18,Hz,xray,,,slop_other,0
135.9693,s,5.23e-09,8.36e-10,8.36e-10,erg cm-2 s-1,Integrated Flux,,7.25e+16,2.42e+18,Hz,xray,,,slop_other,0
136.7179,s,5.12e-09,9.05e-10,9.05e-10,erg cm-2 s-1,Integrated Flux,,7.25e+16,2.42e+18,Hz,xray,,,slop_other,0
137.3547,s,4.25e-09,7.51e-10,7.51e-10,erg cm-2 s-1,Integrated Flux,,7.25e+16,2.42e+18,Hz,xray,,,slop_other,0
138.2492,s,3.51e-09,6.16e-10,6.16e-10,erg cm-2 s-1,Integrated Flux,,7.25e+16,2.42e+18,Hz,xray,,,slop_other,0
139.17,s,3.78e-09,6.85e-10,6.85e-10,erg cm-2 s-1,Integrated Flux,,7.25e+16,2.42e+18,Hz,xray,,,slop_other,0
139.9139,s,4.22e-09,7.4e-10,7.4e-10,erg cm-2 s-1,Integrated Flux,,7.25e+16,2.42e+18,Hz,xray,,,slop_other,0
140.7152,s,4.3e-09,7.49e-10,7.49e-10,erg cm-2 s-1,Integrated Flux,,7.25e+16,2.42e+18,Hz,xray,,,slop_other,0
141.6618,s,3.43e-09,5.93e-10,5.93e-10,erg cm-2 s-1,Integrated Flux,,7.25e+16,2.42e+18,Hz,xray,,,slop_other,0
142.405,s,3.74e-09,6.61e-10,6.61e-10,erg cm-2 s-1,Integrated Flux,,7.25e+16,2.42e+18,Hz,xray,,,slop_other,0
143.368,s,3.11e-09,5.39e-10,5.39e-10,erg cm-2 s-1,Integrated Flux,,7.25e+16,2.42e+18,Hz,xray,,,slop_other,0
144.4481,s,3.67e-09,6.17e-10,6.17e-10,erg cm-2 s-1,Integrated Flux,,7.25e+16,2.42e+18,Hz,xray,,,slop_other,0
145.396,s,3.08e-09,5.41e-10,5.41e-10,erg cm-2 s-1,Integrated Flux,,7.25e+16,2.42e+18,Hz,xray,,,slop_other,0
146.2876,s,4.11e-09,7.31e-10,7.31e-10,erg cm-2 s-1,Integrated Flux,,7.25e+16,2.42e+18,Hz,xray,,,slop_other,0
147.286,s,2.73e-09,4.74e-10,4.74e-10,erg cm-2 s-1,Integrated Flux,,7.25e+16,2.42e+18,Hz,xray,,,slop_other,0
148.285,s,4.43e-09,7.74e-10,7.74e-10,erg cm-2 s-1,Integrated Flux,,7.25e+16,2.42e+18,Hz,xray,,,slop_other,0
149.0614,s,4.29e-09,7.41e-10,7.41e-10,erg cm-2 s-1,Integrated Flux,,7.25e+16,2.42e+18,Hz,xray,,,slop_other,0
149.8701,s,4.1e-09,7.09e-10,7.09e-10,erg cm-2 s-1,Integrated Flux,,7.25e+16,2.42e+18,Hz,xray,,,slop_other,0
150.689,s,3.78e-09,6.59e-10,6.59e-10,erg cm-2 s-1,Integrated Flux,,7.25e+16,2.42e+18,Hz,xray,,,slop_other,0
151.77,s,2.75e-09,4.76e-10,4.76e-10,erg cm-2 s-1,Integrated Flux,,7.25e+16,2.42e+18,Hz,xray,,,slop_other,0
152.809,s,3.26e-09,5.66e-10,5.66e-10,erg cm-2 s-1,Integrated Flux,,7.25e+16,2.42e+18,Hz,xray,,,slop_other,0
153.7437,s,3.88e-09,6.81e-10,6.81e-10,erg cm-2 s-1,Integrated Flux,,7.25e+16,2.42e+18,Hz,xray,,,slop_other,0
154.805,s,2.99e-09,5.29e-10,5.29e-10,erg cm-2 s-1,Integrated Flux,,7.25e+16,2.42e+18,Hz,xray,,,slop_other,0
155.7701,s,4.02e-09,6.95e-10,6.95e-10,erg cm-2 s-1,Integrated Flux,,7.25e+16,2.42e+18,Hz,xray,,,slop_other,0
156.855,s,2.78e-09,4.88e-10,4.88e-10,erg cm-2 s-1,Integrated Flux,,7.25e+16,2.42e+18,Hz,xray,,,slop_other,0
157.917,s,3.45e-09,6.05e-10,6.05e-10,erg cm-2 s-1,Integrated Flux,,7.25e+16,2.42e+18,Hz,xray,,,slop_other,0
159.054,s,3.08e-09,5.7e-10,5.7e-10,erg cm-2 s-1,Integrated Flux,,7.25e+16,2.42e+18,Hz,xray,,,slop_other,0
160.1079,s,3.55e-09,6.4e-10,6.4e-10,erg cm-2 s-1,Integrated Flux,,7.25e+16,2.42e+18,Hz,xray,,,slop_other,0
160.9782,s,3.84e-09,6.96e-10,6.96e-10,erg cm-2 s-1,Integrated Flux,,7.25e+16,2.42e+18,Hz,xray,,,slop_other,0
161.923,s,3.99e-09,7.12e-10,7.12e-10,erg cm-2 s-1,Integrated Flux,,7.25e+16,2.42e+18,Hz,xray,,,slop_other,0
162.8489,s,3.56e-09,6.49e-10,6.49e-10,erg cm-2 s-1,Integrated Flux,,7.25e+16,2.42e+18,Hz,xray,,,slop_other,0
163.762,s,3.4e-09,6.21e-10,6.21e-10,erg cm-2 s-1,Integrated Flux,,7.25e+16,2.42e+18,Hz,xray,,,slop_other,0
164.954,s,3.41e-09,6.12e-10,6.12e-10,erg cm-2 s-1,Integrated Flux,,7.25e+16,2.42e+18,Hz,xray,,,slop_other,0
165.922,s,3.5e-09,6.45e-10,6.45e-10,erg cm-2 s-1,Integrated Flux,,7.25e+16,2.42e+18,Hz,xray,,,slop_other,0
167.018,s,3.28e-09,6.1e-10,6.1e-10,erg cm-2 s-1,Integrated Flux,,7.25e+16,2.42e+18,Hz,xray,,,slop_other,0
168.126,s,3.36e-09,6.16e-10,6.16e-10,erg cm-2 s-1,Integrated Flux,,7.25e+16,2.42e+18,Hz,xray,,,slop_other,0
169.0,s,3.37e-09,6.15e-10,6.15e-10,erg cm-2 s-1,Integrated Flux,,7.25e+16,2.42e+18,Hz,xray,,,slop_other,0
169.9534,s,4.47e-09,8.16e-10,8.16e-10,erg cm-2 s-1,Integrated Flux,,7.25e+16,2.42e+18,Hz,xray,,,slop_other,0
170.7719,s,4.05e-09,7.46e-10,7.46e-10,erg cm-2 s-1,Integrated Flux,,7.25e+16,2.42e+18,Hz,xray,,,slop_other,0
171.7751,s,3.65e-09,6.68e-10,6.68e-10,erg cm-2 s-1,Integrated Flux,,7.25e+16,2.42e+18,Hz,xray,,,slop_other,0
172.788,s,3.06e-09,5.65e-10,5.65e-10,erg cm-2 s-1,Integrated Flux,,7.25e+16,2.42e+18,Hz,xray,,,slop_other,0
173.834,s,3.48e-09,6.36e-10,6.36e-10,erg cm-2 s-1,Integrated Flux,,7.25e+16,2.42e+18,Hz,xray,,,slop_other,0
174.8117,s,3.69e-09,6.76e-10,6.76e-10,erg cm-2 s-1,Integrated Flux,,7.25e+16,2.42e+18,Hz,xray,,,slop_other,0
175.8638,s,3.81e-09,7.04e-10,7.04e-10,erg cm-2 s-1,Integrated Flux,,7.25e+16,2.42e+18,Hz,xray,,,slop_other,0
176.85,s,3.12e-09,5.8e-10,5.8e-10,erg cm-2 s-1,Integrated Flux,,7.25e+16,2.42e+18,Hz,xray,,,slop_other,0
178.008,s,3.11e-09,5.7e-10,5.7e-10,erg cm-2 s-1,Integrated Flux,,7.25e+16,2.42e+18,Hz,xray,,,slop_other,0
179.0571,s,3.72e-09,6.88e-10,6.88e-10,erg cm-2 s-1,Integrated Flux,,7.25e+16,2.42e+18,Hz,xray,,,slop_other,0
180.453,s,2.33e-09,4.35e-10,4.35e-10,erg cm-2 s-1,Integrated Flux,,7.25e+16,2.42e+18,Hz,xray,,,slop_other,0
181.724,s,3.49e-09,6.4e-10,6.4e-10,erg cm-2 s-1,Integrated Flux,,7.25e+16,2.42e+18,Hz,xray,,,slop_other,0
182.849,s,3.33e-09,6.09e-10,6.09e-10,erg cm-2 s-1,Integrated Flux,,7.25e+16,2.42e+18,Hz,xray,,,slop_other,0
183.7689,s,4.16e-09,7.62e-10,7.62e-10,erg cm-2 s-1,Integrated Flux,,7.25e+16,2.42e+18,Hz,xray,,,slop_other,0
184.815,s,3.21e-09,5.87e-10,5.87e-10,erg cm-2 s-1,Integrated Flux,,7.25e+16,2.42e+18,Hz,xray,,,slop_other,0
186.074,s,3.35e-09,6.12e-10,6.12e-10,erg cm-2 s-1,Integrated Flux,,7.25e+16,2.42e+18,Hz,xray,,,slop_other,0
187.135,s,3.04e-09,5.65e-10,5.65e-10,erg cm-2 s-1,Integrated Flux,,7.25e+16,2.42e+18,Hz,xray,,,slop_other,0
188.344,s,2.83e-09,5.21e-10,5.21e-10,erg cm-2 s-1,Integrated Flux,,7.25e+16,2.42e+18,Hz,xray,,,slop_other,0
189.612,s,3.22e-09,6e-10,6e-10,erg cm-2 s-1,Integrated Flux,,7.25e+16,2.42e+18,Hz,xray,,,slop_other,0
190.94,s,2.79e-09,5.22e-10,5.22e-10,erg cm-2 s-1,Integrated Flux,,7.25e+16,2.42e+18,Hz,xray,,,slop_other,0
192.202,s,2.51e-09,4.63e-10,4.63e-10,erg cm-2 s-1,Integrated Flux,,7.25e+16,2.42e+18,Hz,xray,,,slop_other,0
193.772,s,2.97e-09,5.58e-10,5.58e-10,erg cm-2 s-1,Integrated Flux,,7.25e+16,2.42e+18,Hz,xray,,,slop_other,0
195.114,s,2.41e-09,4.51e-10,4.51e-10,erg cm-2 s-1,Integrated Flux,,7.25e+16,2.42e+18,Hz,xray,,,slop_other,0
196.369,s,3.2e-09,6.05e-10,6.05e-10,erg cm-2 s-1,Integrated Flux,,7.25e+16,2.42e+18,Hz,xray,,,slop_other,0
197.646,s,3.04e-09,5.9e-10,5.9e-10,erg cm-2 s-1,Integrated Flux,,7.25e+16,2.42e+18,Hz,xray,,,slop_other,0
198.762,s,3.26e-09,6.17e-10,6.17e-10,erg cm-2 s-1,Integrated Flux,,7.25e+16,2.42e+18,Hz,xray,,,slop_other,0
199.946,s,3.16e-09,6.02e-10,6.02e-10,erg cm-2 s-1,Integrated Flux,,7.25e+16,2.42e+18,Hz,xray,,,slop_other,0
201.125,s,3.39e-09,6.43e-10,6.43e-10,erg cm-2 s-1,Integrated Flux,,7.25e+16,2.42e+18,Hz,xray,,,slop_other,0
202.403,s,2.99e-09,5.64e-10,5.64e-10,erg cm-2 s-1,Integrated Flux,,7.25e+16,2.42e+18,Hz,xray,,,slop_other,0
203.699,s,3.07e-09,5.85e-10,5.85e-10,erg cm-2 s-1,Integrated Flux,,7.25e+16,2.42e+18,Hz,xray,,,slop_other,0
205.2,s,2.25e-09,4.2e-10,4.2e-10,erg cm-2 s-1,Integrated Flux,,7.25e+16,2.42e+18,Hz,xray,,,slop_other,0
206.698,s,2.77e-09,5.16e-10,5.16e-10,erg cm-2 s-1,Integrated Flux,,7.25e+16,2.42e+18,Hz,xray,,,slop_other,0
208.024,s,2.55e-09,4.83e-10,4.83e-10,erg cm-2 s-1,Integrated Flux,,7.25e+16,2.42e+18,Hz,xray,,,slop_other,0
209.573,s,2.39e-09,4.55e-10,4.55e-10,erg cm-2 s-1,Integrated Flux,,7.25e+16,2.42e+18,Hz,xray,,,slop_other,0
211.182,s,2.27e-09,4.34e-10,4.34e-10,erg cm-2 s-1,Integrated Flux,,7.25e+16,2.42e+18,Hz,xray,,,slop_other,0
212.761,s,2.56e-09,4.84e-10,4.84e-10,erg cm-2 s-1,Integrated Flux,,7.25e+16,2.42e+18,Hz,xray,,,slop_other,0
214.201,s,2.63e-09,4.96e-10,4.96e-10,erg cm-2 s-1,Integrated Flux,,7.25e+16,2.42e+18,Hz,xray,,,slop_other,0
215.826,s,2.02e-09,3.84e-10,3.84e-10,erg cm-2 s-1,Integrated Flux,,7.25e+16,2.42e+18,Hz,xray,,,slop_other,0
217.392,s,2.33e-09,4.47e-10,4.47e-10,erg cm-2 s-1,Integrated Flux,,7.25e+16,2.42e+18,Hz,xray,,,slop_other,0
219.035,s,2.53e-09,4.7e-10,4.7e-10,erg cm-2 s-1,Integrated Flux,,7.25e+16,2.42e+18,Hz,xray,,,slop_other,0
220.566,s,2.57e-09,4.78e-10,4.78e-10,erg cm-2 s-1,Integrated Flux,,7.25e+16,2.42e+18,Hz,xray,,,slop_other,0
222.076,s,2.27e-09,4.24e-10,4.24e-10,erg cm-2 s-1,Integrated Flux,,7.25e+16,2.42e+18,Hz,xray,,,slop_other,0
223.691,s,2.14e-09,4.02e-10,4.02e-10,erg cm-2 s-1,Integrated Flux,,7.25e+16,2.42e+18,Hz,xray,,,slop_other,0
225.51,s,2.47e-09,4.69e-10,4.69e-10,erg cm-2 s-1,Integrated Flux,,7.25e+16,2.42e+18,Hz,xray,,,slop_other,0
227.037,s,2.37e-09,4.43e-10,4.43e-10,erg cm-2 s-1,Integrated Flux,,7.25e+16,2.42e+18,Hz,xray,,,slop_other,0
228.568,s,2.47e-09,4.68e-10,4.68e-10,erg cm-2 s-1,Integrated Flux,,7.25e+16,2.42e+18,Hz,xray,,,slop_other,0
230.391,s,1.73e-09,3.32e-10,3.32e-10,erg cm-2 s-1,Integrated Flux,,7.25e+16,2.42e+18,Hz,xray,,,slop_other,0
232.313,s,2.58e-09,4.95e-10,4.95e-10,erg cm-2 s-1,Integrated Flux,,7.25e+16,2.42e+18,Hz,xray,,,slop_other,0
234.109,s,1.89e-09,3.67e-10,3.67e-10,erg cm-2 s-1,Integrated Flux,,7.25e+16,2.42e+18,Hz,xray,,,slop_other,0
235.758,s,2.22e-09,4.23e-10,4.23e-10,erg cm-2 s-1,Integrated Flux,,7.25e+16,2.42e+18,Hz,xray,,,slop_other,0
237.483,s,2.37e-09,4.68e-10,4.68e-10,erg cm-2 s-1,Integrated Flux,,7.25e+16,2.42e+18,Hz,xray,,,slop_other,0
239.148,s,2.23e-09,4.31e-10,4.31e-10,erg cm-2 s-1,Integrated Flux,,7.25e+16,2.42e+18,Hz,xray,,,slop_other,0
241.031,s,2.08e-09,3.95e-10,3.95e-10,erg cm-2 s-1,Integrated Flux,,7.25e+16,2.42e+18,Hz,xray,,,slop_other,0
243.107,s,1.71e-09,3.23e-10,3.23e-10,erg cm-2 s-1,Integrated Flux,,7.25e+16,2.42e+18,Hz,xray,,,slop_other,0
245.134,s,1.99e-09,3.75e-10,3.75e-10,erg cm-2 s-1,Integrated Flux,,7.25e+16,2.42e+18,Hz,xray,,,slop_other,0
247.071,s,1.79e-09,3.39e-10,3.39e-10,erg cm-2 s-1,Integrated Flux,,7.25e+16,2.42e+18,Hz,xray,,,slop_other,0
249.037,s,1.77e-09,3.5e-10,3.5e-10,erg cm-2 s-1,Integrated Flux,,7.25e+16,2.42e+18,Hz,xray,,,slop_other,1
250.884,s,2.19e-09,4.31e-10,4.31e-10,erg cm-2 s-1,Integrated Flux,,7.25e+16,2.42e+18,Hz,xray,,,slop_other,1
252.581,s,2.51e-09,4.78e-10,4.78e-10,erg cm-2 s-1,Integrated Flux,,7.25e+16,2.42e+18,Hz,xray,,,slop_other,1
254.551,s,1.8e-09,3.44e-10,3.44e-10,erg cm-2 s-1,Integrated Flux,,7.25e+16,2.42e+18,Hz,xray,,,slop_other,1
256.809,s,1.54e-09,2.96e-10,2.96e-10,erg cm-2 s-1,Integrated Flux,,7.25e+16,2.42e+18,Hz,xray,,,slop_other,1
258.848,s,2.11e-09,3.99e-10,3.99e-10,erg cm-2 s-1,Integrated Flux,,7.25e+16,2.42e+18,Hz,xray,,,slop_other,1
260.784,s,1.8e-09,3.53e-10,3.53e-10,erg cm-2 s-1,Integrated Flux,,7.25e+16,2.42e+18,Hz,xray,,,slop_other,1
263.04,s,1.78e-09,3.45e-10,3.45e-10,erg cm-2 s-1,Integrated Flux,,7.25e+16,2.42e+18,Hz,xray,,,slop_other,1
265.133,s,1.66e-09,3.17e-10,3.17e-10,erg cm-2 s-1,Integrated Flux,,7.25e+16,2.42e+18,Hz,xray,,,slop_other,1
267.095,s,2.42e-09,4.78e-10,4.78e-10,erg cm-2 s-1,Integrated Flux,,7.25e+16,2.42e+18,Hz,xray,,,slop_other,1
268.783,s,2.17e-09,4.12e-10,4.12e-10,erg cm-2 s-1,Integrated Flux,,7.25e+16,2.42e+18,Hz,xray,,,slop_other,1
271.06,s,1.48e-09,2.83e-10,2.83e-10,erg cm-2 s-1,Integrated Flux,,7.25e+16,2.42e+18,Hz,xray,,,slop_other,1
273.021,s,2.62e-09,4.9e-10,4.9e-10,erg cm-2 s-1,Integrated Flux,,7.25e+16,2.42e+18,Hz,xray,,,slop_other,1
274.888,s,1.99e-09,3.77e-10,3.77e-10,erg cm-2 s-1,Integrated Flux,,7.25e+16,2.42e+18,Hz,xray,,,slop_other,1
276.464,s,2.53e-09,4.8e-10,4.8e-10,erg cm-2 s-1,Integrated Flux,,7.25e+16,2.42e+18,Hz,xray,,,slop_other,1
278.622,s,1.48e-09,2.81e-10,2.81e-10,erg cm-2 s-1,Integrated Flux,,7.25e+16,2.42e+18,Hz,xray,,,slop_other,1
281.006,s,1.84e-09,3.59e-10,3.59e-10,erg cm-2 s-1,Integrated Flux,,7.25e+16,2.42e+18,Hz,xray,,,slop_other,1
282.906,s,1.95e-09,3.7e-10,3.7e-10,erg cm-2 s-1,Integrated Flux,,7.25e+16,2.42e+18,Hz,xray,,,slop_other,1
284.505,s,2.76e-09,5.17e-10,5.17e-10,erg cm-2 s-1,Integrated Flux,,7.25e+16,2.42e+18,Hz,xray,,,slop_other,1
286.412,s,1.86e-09,3.48e-10,3.48e-10,erg cm-2 s-1,Integrated Flux,,7.25e+16,2.42e+18,Hz,xray,,,slop_other,1
288.298,s,2.01e-09,3.83e-10,3.83e-10,erg cm-2 s-1,Integrated Flux,,7.25e+16,2.42e+18,Hz,xray,,,slop_other,1
290.364,s,1.97e-09,3.76e-10,3.76e-10,erg cm-2 s-1,Integrated Flux,,7.25e+16,2.42e+18,Hz,xray,,,slop_other,1
292.477,s,1.66e-09,3.17e-10,3.17e-10,erg cm-2 s-1,Integrated Flux,,7.25e+16,2.42e+18,Hz,xray,,,slop_other,1
294.208,s,3.38e-09,6.34e-10,6.34e-10,erg cm-2 s-1,Integrated Flux,,7.25e+16,2.42e+18,Hz,xray,,,slop_other,1
295.733,s,1.86e-09,3.57e-10,3.57e-10,erg cm-2 s-1,Integrated Flux,,7.25e+16,2.42e+18,Hz,xray,,,slop_other,1
297.843,s,1.86e-09,3.7e-10,3.7e-10,erg cm-2 s-1,Integrated Flux,,7.25e+16,2.42e+18,Hz,xray,,,slop_other,1
299.724,s,2.15e-09,4.08e-10,4.08e-10,erg cm-2 s-1,Integrated Flux,,7.25e+16,2.42e+18,Hz,xray,,,slop_other,1
302.139,s,1.32e-09,2.6e-10,2.6e-10,erg cm-2 s-1,Integrated Flux,,7.25e+16,2.42e+18,Hz,xray,,,slop_other,1
304.392,s,2.1e-09,3.96e-10,3.96e-10,erg cm-2 s-1,Integrated Flux,,7.25e+16,2.42e+18,Hz,xray,,,slop_other,1
306.606,s,1.5e-09,2.88e-10,2.88e-10,erg cm-2 s-1,Integrated Flux,,7.25e+16,2.42e+18,Hz,xray,,,slop_other,1
308.847,s,1.88e-09,3.55e-10,3.55e-10,erg cm-2 s-1,Integrated Flux,,7.25e+16,2.42e+18,Hz,xray,,,slop_other,1
310.984,s,1.33e-09,2.52e-10,2.52e-10,erg cm-2 s-1,Integrated Flux,,7.25e+16,2.42e+18,Hz,xray,,,slop_other,1
314.012,s,1.25e-09,2.34e-10,2.34e-10,erg cm-2 s-1,Integrated Flux,,7.25e+16,2.42e+18,Hz,xray,,,slop_other,1
316.756,s,1.64e-09,3.11e-10,3.11e-10,erg cm-2 s-1,Integrated Flux,,7.25e+16,2.42e+18,Hz,xray,,,slop_other,1
319.086,s,1.51e-09,2.85e-10,2.85e-10,erg cm-2 s-1,Integrated Flux,,7.25e+16,2.42e+18,Hz,xray,,,slop_other,1
321.196,s,1.99e-09,3.81e-10,3.81e-10,erg cm-2 s-1,Integrated Flux,,7.25e+16,2.42e+18,Hz,xray,,,slop_other,1
323.157,s,1.82e-09,3.51e-10,3.51e-10,erg cm-2 s-1,Integrated Flux,,7.25e+16,2.42e+18,Hz,xray,,,slop_other,1
325.35,s,1.34e-09,2.55e-10,2.55e-10,erg cm-2 s-1,Integrated Flux,,7.25e+16,2.42e+18,Hz,xray,,,slop_other,1
328.219,s,1.9e-09,3.56e-10,3.56e-10,erg cm-2 s-1,Integrated Flux,,7.25e+16,2.42e+18,Hz,xray,,,slop_other,1
329.822,s,2.11e-09,3.9e-10,3.9e-10,erg cm-2 s-1,Integrated Flux,,7.25e+16,2.42e+18,Hz,xray,,,slop_other,1
332.078,s,1.58e-09,2.97e-10,2.97e-10,erg cm-2 s-1,Integrated Flux,,7.25e+16,2.42e+18,Hz,xray,,,slop_other,1
334.41,s,1.47e-09,2.84e-10,2.84e-10,erg cm-2 s-1,Integrated Flux,,7.25e+16,2.42e+18,Hz,xray,,,slop_other,1
336.725,s,1.92e-09,3.63e-10,3.63e-10,erg cm-2 s-1,Integrated Flux,,7.25e+16,2.42e+18,Hz,xray,,,slop_other,1
339.056,s,1.39e-09,2.74e-10,2.74e-10,erg cm-2 s-1,Integrated Flux,,7.25e+16,2.42e+18,Hz,xray,,,slop_other,1
341.411,s,1.83e-09,3.52e-10,3.52e-10,erg cm-2 s-1,Integrated Flux,,7.25e+16,2.42e+18,Hz,xray,,,slop_other,1
343.758,s,1.47e-09,2.88e-10,2.88e-10,erg cm-2 s-1,Integrated Flux,,7.25e+16,2.42e+18,Hz,xray,,,slop_other,1
346.336,s,1.46e-09,2.82e-10,2.82e-10,erg cm-2 s-1,Integrated Flux,,7.25e+16,2.42e+18,Hz,xray,,,slop_other,1
349.044,s,1.35e-09,2.56e-10,2.56e-10,erg cm-2 s-1,Integrated Flux,,7.25e+16,2.42e+18,Hz,xray,,,slop_other,1
351.887,s,1.54e-09,2.91e-10,2.91e-10,erg cm-2 s-1,Integrated Flux,,7.25e+16,2.42e+18,Hz,xray,,,slop_other,1
354.564,s,1.3e-09,2.56e-10,2.56e-10,erg cm-2 s-1,Integrated Flux,,7.25e+16,2.42e+18,Hz,xray,,,slop_other,1
357.186,s,1.54e-09,2.95e-10,2.95e-10,erg cm-2 s-1,Integrated Flux,,7.25e+16,2.42e+18,Hz,xray,,,slop_other,1
359.995,s,1.37e-09,2.59e-10,2.59e-10,erg cm-2 s-1,Integrated Flux,,7.25e+16,2.42e+18,Hz,xray,,,slop_other,1
362.322,s,1.79e-09,3.4e-10,3.4e-10,erg cm-2 s-1,Integrated Flux,,7.25e+16,2.42e+18,Hz,xray,,,slop_other,1
364.67,s,1.48e-09,2.75e-10,2.75e-10,erg cm-2 s-1,Integrated Flux,,7.25e+16,2.42e+18,Hz,xray,,,slop_other,1
366.984,s,1.77e-09,3.32e-10,3.32e-10,erg cm-2 s-1,Integrated Flux,,7.25e+16,2.42e+18,Hz,xray,,,slop_other,1
368.665,s,2.3e-09,4.24e-10,4.24e-10,erg cm-2 s-1,Integrated Flux,,7.25e+16,2.42e+18,Hz,xray,,,slop_other,1
371.141,s,1.39e-09,2.6e-10,2.6e-10,erg cm-2 s-1,Integrated Flux,,7.25e+16,2.42e+18,Hz,xray,,,slop_other,1
373.398,s,1.99e-09,3.75e-10,3.75e-10,erg cm-2 s-1,Integrated Flux,,7.25e+16,2.42e+18,Hz,xray,,,slop_other,1
375.42,s,1.64e-09,3.09e-10,3.09e-10,erg cm-2 s-1,Integrated Flux,,7.25e+16,2.42e+18,Hz,xray,,,slop_other,1
377.891,s,1.35e-09,2.65e-10,2.65e-10,erg cm-2 s-1,Integrated Flux,,7.25e+16,2.42e+18,Hz,xray,,,slop_other,1
380.836,s,1.41e-09,2.66e-10,2.66e-10,erg cm-2 s-1,Integrated Flux,,7.25e+16,2.42e+18,Hz,xray,,,slop_other,1
383.508,s,1.22e-09,2.4e-10,2.4e-10,erg cm-2 s-1,Integrated Flux,,7.25e+16,2.42e+18,Hz,xray,,,slop_other,1
386.048,s,1.81e-09,3.4e-10,3.4e-10,erg cm-2 s-1,Integrated Flux,,7.25e+16,2.42e+18,Hz,xray,,,slop_other,1
388.815,s,1.21e-09,2.31e-10,2.31e-10,erg cm-2 s-1,Integrated Flux,,7.25e+16,2.42e+18,Hz,xray,,,slop_other,1
391.449,s,1.49e-09,2.82e-10,2.82e-10,erg cm-2 s-1,Integrated Flux,,7.25e+16,2.42e+18,Hz,xray,,,slop_other,1
394.191,s,1.26e-09,2.4e-10,2.4e-10,erg cm-2 s-1,Integrated Flux,,7.25e+16,2.42e+18,Hz,xray,,,slop_other,1
397.26,s,1.54e-09,2.95e-10,2.95e-10,erg cm-2 s-1,Integrated Flux,,7.25e+16,2.42e+18,Hz,xray,,,slop_other,1
399.45,s,1.44e-09,2.8e-10,2.8e-10,erg cm-2 s-1,Integrated Flux,,7.25e+16,2.42e+18,Hz,xray,,,slop_other,1
401.824,s,1.47e-09,2.76e-10,2.76e-10,erg cm-2 s-1,Integrated Flux,,7.25e+16,2.42e+18,Hz,xray,,,slop_other,1
404.364,s,1.77e-09,3.43e-10,3.43e-10,erg cm-2 s-1,Integrated Flux,,7.25e+16,2.42e+18,Hz,xray,,,slop_other,1
406.675,s,1.52e-09,2.91e-10,2.91e-10,erg cm-2 s-1,Integrated Flux,,7.25e+16,2.42e+18,Hz,xray,,,slop_other,1
409.832,s,1.08e-09,2.04e-10,2.04e-10,erg cm-2 s-1,Integrated Flux,,7.25e+16,2.42e+18,Hz,xray,,,slop_other,1
412.865,s,1.43e-09,2.77e-10,2.77e-10,erg cm-2 s-1,Integrated Flux,,7.25e+16,2.42e+18,Hz,xray,,,slop_other,1
415.514,s,1.31e-09,2.48e-10,2.48e-10,erg cm-2 s-1,Integrated Flux,,7.25e+16,2.42e+18,Hz,xray,,,slop_other,1
418.317,s,1.46e-09,2.78e-10,2.78e-10,erg cm-2 s-1,Integrated Flux,,7.25e+16,2.42e+18,Hz,xray,,,slop_other,1
421.06,s,1.53e-09,2.88e-10,2.88e-10,erg cm-2 s-1,Integrated Flux,,7.25e+16,2.42e+18,Hz,xray,,,slop_other,1
423.742,s,1.29e-09,2.43e-10,2.43e-10,erg cm-2 s-1,Integrated Flux,,7.25e+16,2.42e+18,Hz,xray,,,slop_other,1
426.479,s,1.42e-09,2.63e-10,2.63e-10,erg cm-2 s-1,Integrated Flux,,7.25e+16,2.42e+18,Hz,xray,,,slop_other,1
428.873,s,1.82e-09,3.39e-10,3.39e-10,erg cm-2 s-1,Integrated Flux,,7.25e+16,2.42e+18,Hz,xray,,,slop_other,1
431.105,s,1.33e-09,2.52e-10,2.52e-10,erg cm-2 s-1,Integrated Flux,,7.25e+16,2.42e+18,Hz,xray,,,slop_other,1
434.308,s,1.22e-09,2.37e-10,2.37e-10,erg cm-2 s-1,Integrated Flux,,7.25e+16,2.42e+18,Hz,xray,,,slop_other,1
437.286,s,1.31e-09,2.55e-10,2.55e-10,erg cm-2 s-1,Integrated Flux,,7.25e+16,2.42e+18,Hz,xray,,,slop_other,1
440.187,s,1.4e-09,2.67e-10,2.67e-10,erg cm-2 s-1,Integrated Flux,,7.25e+16,2.42e+18,Hz,xray,,,slop_other,1
443.228,s,1.24e-09,2.36e-10,2.36e-10,erg cm-2 s-1,Integrated Flux,,7.25e+16,2.42e+18,Hz,xray,,,slop_other,1
445.946,s,1.45e-09,2.77e-10,2.77e-10,erg cm-2 s-1,Integrated Flux,,7.25e+16,2.42e+18,Hz,xray,,,slop_other,1
448.792,s,1.19e-09,2.27e-10,2.27e-10,erg cm-2 s-1,Integrated Flux,,7.25e+16,2.42e+18,Hz,xray,,,slop_other,1
451.267,s,2e-09,3.75e-10,3.75e-10,erg cm-2 s-1,Integrated Flux,,7.25e+16,2.42e+18,Hz,xray,,,slop_other,1
453.716,s,1.25e-09,2.35e-10,2.35e-10,erg cm-2 s-1,Integrated Flux,,7.25e+16,2.42e+18,Hz,xray,,,slop_other,1
456.736,s,1.17e-09,2.32e-10,2.32e-10,erg cm-2 s-1,Integrated Flux,,7.25e+16,2.42e+18,Hz,xray,,,slop_other,1
459.822,s,1.3e-09,2.51e-10,2.51e-10,erg cm-2 s-1,Integrated Flux,,7.25e+16,2.42e+18,Hz,xray,,,slop_other,1
462.436,s,1.53e-09,2.9e-10,2.9e-10,erg cm-2 s-1,Integrated Flux,,7.25e+16,2.42e+18,Hz,xray,,,slop_other,1
465.164,s,1.36e-09,2.61e-10,2.61e-10,erg cm-2 s-1,Integrated Flux,,7.25e+16,2.42e+18,Hz,xray,,,slop_other,1
468.039,s,1.13e-09,2.2e-10,2.2e-10,erg cm-2 s-1,Integrated Flux,,7.25e+16,2.42e+18,Hz,xray,,,slop_other,1
470.883,s,1.23e-09,2.31e-10,2.31e-10,erg cm-2 s-1,Integrated Flux,,7.25e+16,2.42e+18,Hz,xray,,,slop_other,1
474.274,s,1.2e-09,2.23e-10,2.23e-10,erg cm-2 s-1,Integrated Flux,,7.25e+16,2.42e+18,Hz,xray,,,slop_other,1
476.796,s,1.61e-09,3.01e-10,3.01e-10,erg cm-2 s-1,Integrated Flux,,7.25e+16,2.42e+18,Hz,xray,,,slop_other,1
479.45,s,1.45e-09,2.75e-10,2.75e-10,erg cm-2 s-1,Integrated Flux,,7.25e+16,2.42e+18,Hz,xray,,,slop_other,1
482.021,s,1.55e-09,2.92e-10,2.92e-10,erg cm-2 s-1,Integrated Flux,,7.25e+16,2.42e+18,Hz,xray,,,slop_other,1
484.771,s,1.26e-09,2.44e-10,2.44e-10,erg cm-2 s-1,Integrated Flux,,7.25e+16,2.42e+18,Hz,xray,,,slop_other,1
487.612,s,1.42e-09,2.69e-10,2.69e-10,erg cm-2 s-1,Integrated Flux,,7.25e+16,2.42e+18,Hz,xray,,,slop_other,1
490.556,s,1.05e-09,2.07e-10,2.07e-10,erg cm-2 s-1,Integrated Flux,,7.25e+16,2.42e+18,Hz,xray,,,slop_other,1
493.755,s,1.78e-09,3.4e-10,3.4e-10,erg cm-2 s-1,Integrated Flux,,7.25e+16,2.42e+18,Hz,xray,,,slop_other,1
496.301,s,1.19e-09,2.24e-10,2.24e-10,erg cm-2 s-1,Integrated Flux,,7.25e+16,2.42e+18,Hz,xray,,,slop_other,1
499.344,s,1.31e-09,2.45e-10,2.45e-10,erg cm-2 s-1,Integrated Flux,,7.25e+16,2.42e+18,Hz,xray,,,slop_other,1
501.839,s,1.7e-09,3.22e-10,3.22e-10,erg cm-2 s-1,Integrated Flux,,7.25e+16,2.42e+18,Hz,xray,,,slop_other,1
504.651,s,1.13e-09,2.14e-10,2.14e-10,erg cm-2 s-1,Integrated Flux,,7.25e+16,2.42e+18,Hz,xray,,,slop_other,1
507.753,s,1.24e-09,2.38e-10,2.38e-10,erg cm-2 s-1,Integrated Flux,,7.25e+16,2.42e+18,Hz,xray,,,slop_other,1
510.63,s,1.45e-09,2.78e-10,2.78e-10,erg cm-2 s-1,Integrated Flux,,7.25e+16,2.42e+18,Hz,xray,,,slop_other,1
513.26,s,1.43e-09,2.66e-10,2.66e-10,erg cm-2 s-1,Integrated Flux,,7.25e+16,2.42e+18,Hz,xray,,,slop_other,1
515.648,s,1.65e-09,3.11e-10,3.11e-10,erg cm-2 s-1,Integrated Flux,,7.25e+16,2.42e+18,Hz,xray,,,slop_other,1
517.943,s,1.54e-09,2.93e-10,2.93e-10,erg cm-2 s-1,Integrated Flux,,7.25e+16,2.42e+18,Hz,xray,,,slop_other,1
520.506,s,1.31e-09,2.5e-10,2.5e-10,erg cm-2 s-1,Integrated Flux,,7.25e+16,2.42e+18,Hz,xray,,,slop_other,1
523.901,s,1.11e-09,2.09e-10,2.09e-10,erg cm-2 s-1,Integrated Flux,,7.25e+16,2.42e+18,Hz,xray,,,slop_other,1
527.28,s,1.04e-09,1.97e-10,1.97e-10,erg cm-2 s-1,Integrated Flux,,7.25e+16,2.42e+18,Hz,xray,,,slop_other,1
530.512,s,1.37e-09,2.58e-10,2.58e-10,erg cm-2 s-1,Integrated Flux,,7.25e+16,2.42e+18,Hz,xray,,,slop_other,1
533.855,s,8.94e-10,1.71e-10,1.71e-10,erg cm-2 s-1,Integrated Flux,,7.25e+16,2.42e+18,Hz,xray,,,slop_other,1
537.259,s,1.25e-09,2.51e-10,2.51e-10,erg cm-2 s-1,Integrated Flux,,7.25e+16,2.42e+18,Hz,xray,,,slop_other,1
539.984,s,1.33e-09,2.59e-10,2.59e-10,erg cm-2 s-1,Integrated Flux,,7.25e+16,2.42e+18,Hz,xray,,,slop_other,1
542.621,s,1.23e-09,2.37e-10,2.37e-10,erg cm-2 s-1,Integrated Flux,,7.25e+16,2.42e+18,Hz,xray,,,slop_other,1
546.571,s,1.08e-09,2.03e-10,2.03e-10,erg cm-2 s-1,Integrated Flux,,7.25e+16,2.42e+18,Hz,xray,,,slop_other,1
549.149,s,1.42e-09,2.73e-10,2.73e-10,erg cm-2 s-1,Integrated Flux,,7.25e+16,2.42e+18,Hz,xray,,,slop_other,1
552.697,s,9.11e-10,1.73e-10,1.73e-10,erg cm-2 s-1,Integrated Flux,,7.25e+16,2.42e+18,Hz,xray,,,slop_other,1
556.003,s,1.21e-09,2.33e-10,2.33e-10,erg cm-2 s-1,Integrated Flux,,7.25e+16,2.42e+18,Hz,xray,,,slop_other,1
559.38,s,1.17e-09,2.25e-10,2.25e-10,erg cm-2 s-1,Integrated Flux,,7.25e+16,2.42e+18,Hz,xray,,,slop_other,1
561.884,s,1.49e-09,2.79e-10,2.79e-10,erg cm-2 s-1,Integrated Flux,,7.25e+16,2.42e+18,Hz,xray,,,slop_other,1
564.812,s,1.31e-09,2.44e-10,2.44e-10,erg cm-2 s-1,Integrated Flux,,7.25e+16,2.42e+18,Hz,xray,,,slop_other,1
568.152,s,9.27e-10,1.79e-10,1.79e-10,erg cm-2 s-1,Integrated Flux,,7.25e+16,2.42e+18,Hz,xray,,,slop_other,1
572.12,s,1.06e-09,1.99e-10,1.99e-10,erg cm-2 s-1,Integrated Flux,,7.25e+16,2.42e+18,Hz,xray,,,slop_other,1
575.015,s,1.25e-09,2.43e-10,2.43e-10,erg cm-2 s-1,Integrated Flux,,7.25e+16,2.42e+18,Hz,xray,,,slop_other,1
578.347,s,1.04e-09,1.98e-10,1.98e-10,erg cm-2 s-1,Integrated Flux,,7.25e+16,2.42e+18,Hz,xray,,,slop_other,1
581.761,s,1.39e-09,2.66e-10,2.66e-10,erg cm-2 s-1,Integrated Flux,,7.25e+16,2.42e+18,Hz,xray,,,slop_other,1
584.548,s,1.39e-09,2.66e-10,2.66e-10,erg cm-2 s-1,Integrated Flux,,7.25e+16,2.42e+18,Hz,xray,,,slop_other,1
587.365,s,1.47e-09,2.83e-10,2.83e-10,erg cm-2 s-1,Integrated Flux,,7.25e+16,2.42e+18,Hz,xray,,,slop_other,1
589.9,s,1.35e-09,2.56e-10,2.56e-10,erg cm-2 s-1,Integrated Flux,,7.25e+16,2.42e+18,Hz,xray,,,slop_other,1
593.085,s,1.08e-09,2.02e-10,2.02e-10,erg cm-2 s-1,Integrated Flux,,7.25e+16,2.42e+18,Hz,xray,,,slop_other,1
596.607,s,1.14e-09,2.22e-10,2.22e-10,erg cm-2 s-1,Integrated Flux,,7.25e+16,2.42e+18,Hz,xray,,,slop_other,1
600.106,s,1.06e-09,2.06e-10,2.06e-10,erg cm-2 s-1,Integrated Flux,,7.25e+16,2.42e+18,Hz,xray,,,slop_other,1
603.664,s,1.1e-09,2.11e-10,2.11e-10,erg cm-2 s-1,Integrated Flux,,7.25e+16,2.42e+18,Hz,xray,,,slop_other,1
606.863,s,1.06e-09,2.03e-10,2.03e-10,erg cm-2 s-1,Integrated Flux,,7.25e+16,2.42e+18,Hz,xray,,,slop_other,1
610.073,s,1.4e-09,2.6e-10,2.6e-10,erg cm-2 s-1,Integrated Flux,,7.25e+16,2.42e+18,Hz,xray,,,slop_other,1
613.405,s,1.01e-09,1.89e-10,1.89e-10,erg cm-2 s-1,Integrated Flux,,7.25e+16,2.42e+18,Hz,xray,,,slop_other,1
616.848,s,1.1e-09,2.14e-10,2.14e-10,erg cm-2 s-1,Integrated Flux,,7.25e+16,2.42e+18,Hz,xray,,,slop_other,1
620.163,s,1.08e-09,2.11e-10,2.11e-10,erg cm-2 s-1,Integrated Flux,,7.25e+16,2.42e+18,Hz,xray,,,slop_other,1
624.26,s,9.61e-10,1.82e-10,1.82e-10,erg cm-2 s-1,Integrated Flux,,7.25e+16,2.42e+18,Hz,xray,,,slop_other,1
627.529,s,1.15e-09,2.21e-10,2.21e-10,erg cm-2 s-1,Integrated Flux,,7.25e+16,2.42e+18,Hz,xray,,,slop_other,1
630.708,s,1.4e-09,2.66e-10,2.66e-10,erg cm-2 s-1,Integrated Flux,,7.25e+16,2.42e+18,Hz,xray,,,slop_other,1
633.594,s,1.23e-09,2.36e-10,2.36e-10,erg cm-2 s-1,Integrated Flux,,7.25e+16,2.42e+18,Hz,xray,,,slop_other,1
637.08,s,9.19e-10,1.79e-10,1.79e-10,erg cm-2 s-1,Integrated Flux,,7.25e+16,2.42e+18,Hz,xray,,,slop_other,1
641.245,s,9.07e-10,1.72e-10,1.72e-10,erg cm-2 s-1,Integrated Flux,,7.25e+16,2.42e+18,Hz,xray,,,slop_other,1
644.967,s,1.13e-09,2.18e-10,2.18e-10,erg cm-2 s-1,Integrated Flux,,7.25e+16,2.42e+18,Hz,xray,,,slop_other,1
648.451,s,1.04e-09,1.95e-10,1.95e-10,erg cm-2 s-1,Integrated Flux,,7.25e+16,2.42e+18,Hz,xray,,,slop_other,1
652.253,s,1e-09,1.89e-10,1.89e-10,erg cm-2 s-1,Integrated Flux,,7.25e+16,2.42e+18,Hz,xray,,,slop_other,1
656.368,s,8.97e-10,1.7e-10,1.7e-10,erg cm-2 s-1,Integrated Flux,,7.25e+16,2.42e+18,Hz,xray,,,slop_other,1
660.552,s,9.81e-10,1.91e-10,1.91e-10,erg cm-2 s-1,Integrated Flux,,7.25e+16,2.42e+18,Hz,xray,,,slop_other,1
664.315,s,1.07e-09,2.07e-10,2.07e-10,erg cm-2 s-1,Integrated Flux,,7.25e+16,2.42e+18,Hz,xray,,,slop_other,1
667.767,s,1.11e-09,2.14e-10,2.14e-10,erg cm-2 s-1,Integrated Flux,,7.25e+16,2.42e+18,Hz,xray,,,slop_other,1
671.249,s,1.02e-09,2.06e-10,2.06e-10,erg cm-2 s-1,Integrated Flux,,7.25e+16,2.42e+18,Hz,xray,,,slop_other,1
674.674,s,1.18e-09,2.28e-10,2.28e-10,erg cm-2 s-1,Integrated Flux,,7.25e+16,2.42e+18,Hz,xray,,,slop_other,1
678.197,s,9.91e-10,1.89e-10,1.89e-10,erg cm-2 s-1,Integrated Flux,,7.25e+16,2.42e+18,Hz,xray,,,slop_other,1
682.024,s,9.66e-10,1.86e-10,1.86e-10,erg cm-2 s-1,Integrated Flux,,7.25e+16,2.42e+18,Hz,xray,,,slop_other,1
685.612,s,1.22e-09,2.35e-10,2.35e-10,erg cm-2 s-1,Integrated Flux,,7.25e+16,2.42e+18,Hz,xray,,,slop_other,1
689.355,s,9.92e-10,1.9e-10,1.9e-10,erg cm-2 s-1,Integrated Flux,,7.25e+16,2.42e+18,Hz,xray,,,slop_other,1
692.634,s,1.3e-09,2.45e-10,2.45e-10,erg cm-2 s-1,Integrated Flux,,7.25e+16,2.42e+18,Hz,xray,,,slop_other,1
695.901,s,9.32e-10,1.77e-10,1.77e-10,erg cm-2 s-1,Integrated Flux,,7.25e+16,2.42e+18,Hz,xray,,,slop_other,1
700.657,s,7.69e-10,1.48e-10,1.48e-10,erg cm-2 s-1,Integrated Flux,,7.25e+16,2.42e+18,Hz,xray,,,slop_other,1
704.912,s,9.6e-10,1.89e-10,1.89e-10,erg cm-2 s-1,Integrated Flux,,7.25e+16,2.42e+18,Hz,xray,,,slop_other,1
709.036,s,9.16e-10,1.8e-10,1.8e-10,erg cm-2 s-1,Integrated Flux,,7.25e+16,2.42e+18,Hz,xray,,,slop_other,1
712.809,s,9.93e-10,1.95e-10,1.95e-10,erg cm-2 s-1,Integrated Flux,,7.25e+16,2.42e+18,Hz,xray,,,slop_other,1
716.618,s,1.04e-09,1.99e-10,1.99e-10,erg cm-2 s-1,Integrated Flux,,7.25e+16,2.42e+18,Hz,xray,,,slop_other,1
720.809,s,8.43e-10,1.65e-10,1.65e-10,erg cm-2 s-1,Integrated Flux,,7.25e+16,2.42e+18,Hz,xray,,,slop_other,1
725.242,s,9.11e-10,1.75e-10,1.75e-10,erg cm-2 s-1,Integrated Flux,,7.25e+16,2.42e+18,Hz,xray,,,slop_other,1
728.925,s,1.16e-09,2.23e-10,2.23e-10,erg cm-2 s-1,Integrated Flux,,7.25e+16,2.42e+18,Hz,xray,,,slop_other,1
732.589,s,9.17e-10,1.75e-10,1.75e-10,erg cm-2 s-1,Integrated Flux,,7.25e+16,2.42e+18,Hz,xray,,,slop_other,1
737.485,s,7.24e-10,1.43e-10,1.43e-10,erg cm-2 s-1,Integrated Flux,,7.25e+16,2.42e+18,Hz,xray,,,slop_other,1
742.338,s,8.76e-10,1.72e-10,1.72e-10,erg cm-2 s-1,Integrated Flux,,7.25e+16,2.42e+18,Hz,xray,,,slop_other,1
746.157,s,1.03e-09,1.96e-10,1.96e-10,erg cm-2 s-1,Integrated Flux,,7.25e+16,2.42e+18,Hz,xray,,,slop_other,1
749.945,s,9.33e-10,1.83e-10,1.83e-10,erg cm-2 s-1,Integrated Flux,,7.25e+16,2.42e+18,Hz,xray,,,slop_other,1
754.285,s,8.81e-10,1.68e-10,1.68e-10,erg cm-2 s-1,Integrated Flux,,7.25e+16,2.42e+18,Hz,xray,,,slop_other,1
758.221,s,1e-09,1.91e-10,1.91e-10,erg cm-2 s-1,Integrated Flux,,7.25e+16,2.42e+18,Hz,xray,,,slop_other,1
762.047,s,9.21e-10,1.75e-10,1.75e-10,erg cm-2 s-1,Integrated Flux,,7.25e+16,2.42e+18,Hz,xray,,,slop_other,1
766.553,s,8.18e-10,1.57e-10,1.57e-10,erg cm-2 s-1,Integrated Flux,,7.25e+16,2.42e+18,Hz,xray,,,slop_other,1
770.782,s,9.53e-10,1.84e-10,1.84e-10,erg cm-2 s-1,Integrated Flux,,7.25e+16,2.42e+18,Hz,xray,,,slop_other,1
775.067,s,9.11e-10,1.74e-10,1.74e-10,erg cm-2 s-1,Integrated Flux,,7.25e+16,2.42e+18,Hz,xray,,,slop_other,1
779.573,s,7.98e-10,1.53e-10,1.53e-10,erg cm-2 s-1,Integrated Flux,,7.25e+16,2.42e+18,Hz,xray,,,slop_other,1
784.224,s,7.91e-10,1.53e-10,1.53e-10,erg cm-2 s-1,Integrated Flux,,7.25e+16,2.42e+18,Hz,xray,,,slop_other,1
788.454,s,9.96e-10,1.95e-10,1.95e-10,erg cm-2 s-1,Integrated Flux,,7.25e+16,2.42e+18,Hz,xray,,,slop_other,1
792.098,s,8.31e-10,1.61e-10,1.61e-10,erg cm-2 s-1,Integrated Flux,,7.25e+16,2.42e+18,Hz,xray,,,slop_other,1
796.701,s,9.2e-10,1.77e-10,1.77e-10,erg cm-2 s-1,Integrated Flux,,7.25e+16,2.42e+18,Hz,xray,,,slop_other,1
800.884,s,7.39e-10,1.43e-10,1.43e-10,erg cm-2 s-1,Integrated Flux,,7.25e+16,2.42e+18,Hz,xray,,,slop_other,1
805.002,s,1.3e-09,2.41e-10,2.41e-10,erg cm-2 s-1,Integrated Flux,,7.25e+16,2.42e+18,Hz,xray,,,slop_other,1
808.536,s,8.41e-10,1.56e-10,1.56e-10,erg cm-2 s-1,Integrated Flux,,7.25e+16,2.42e+18,Hz,xray,,,slop_other,1
812.901,s,9.9e-10,1.85e-10,1.85e-10,erg cm-2 s-1,Integrated Flux,,7.25e+16,2.42e+18,Hz,xray,,,slop_other,1
816.775,s,8.42e-10,1.61e-10,1.61e-10,erg cm-2 s-1,Integrated Flux,,7.25e+16,2.42e+18,Hz,xray,,,slop_other,1
820.861,s,8.59e-10,1.63e-10,1.63e-10,erg cm-2 s-1,Integrated Flux,,7.25e+16,2.42e+18,Hz,xray,,,slop_other,1
825.946,s,7.15e-10,1.41e-10,1.41e-10,erg cm-2 s-1,Integrated Flux,,7.25e+16,2.42e+18,Hz,xray,,,slop_other,1
830.798,s,8.86e-10,1.69e-10,1.69e-10,erg cm-2 s-1,Integrated Flux,,7.25e+16,2.42e+18,Hz,xray,,,slop_other,1
834.949,s,1.06e-09,2.04e-10,2.04e-10,erg cm-2 s-1,Integrated Flux,,7.25e+16,2.42e+18,Hz,xray,,,slop_other,1
839.089,s,8.5e-10,1.61e-10,1.61e-10,erg cm-2 s-1,Integrated Flux,,7.25e+16,2.42e+18,Hz,xray,,,slop_other,1
844.292,s,6.65e-10,1.3e-10,1.3e-10,erg cm-2 s-1,Integrated Flux,,7.25e+16,2.42e+18,Hz,xray,,,slop_other,1
849.332,s,8.8e-10,1.7e-10,1.7e-10,erg cm-2 s-1,Integrated Flux,,7.25e+16,2.42e+18,Hz,xray,,,slop_other,1
853.559,s,1.04e-09,1.99e-10,1.99e-10,erg cm-2 s-1,Integrated Flux,,7.25e+16,2.42e+18,Hz,xray,,,slop_other,1
857.103,s,1.01e-09,1.93e-10,1.93e-10,erg cm-2 s-1,Integrated Flux,,7.25e+16,2.42e+18,Hz,xray,,,slop_other,1
860.858,s,1.08e-09,2.04e-10,2.04e-10,erg cm-2 s-1,Integrated Flux,,7.25e+16,2.42e+18,Hz,xray,,,slop_other,1
865.255,s,7.04e-10,1.37e-10,1.37e-10,erg cm-2 s-1,Integrated Flux,,7.25e+16,2.42e+18,Hz,xray,,,slop_other,1
870.708,s,7.96e-10,1.51e-10,1.51e-10,erg cm-2 s-1,Integrated Flux,,7.25e+16,2.42e+18,Hz,xray,,,slop_other,1
875.531,s,7.48e-10,1.44e-10,1.44e-10,erg cm-2 s-1,Integrated Flux,,7.25e+16,2.42e+18,Hz,xray,,,slop_other,1
880.236,s,8.43e-10,1.61e-10,1.61e-10,erg cm-2 s-1,Integrated Flux,,7.25e+16,2.42e+18,Hz,xray,,,slop_other,1
885.357,s,6.97e-10,1.36e-10,1.36e-10,erg cm-2 s-1,Integrated Flux,,7.25e+16,2.42e+18,Hz,xray,,,slop_other,1
890.183,s,8.5e-10,1.62e-10,1.62e-10,erg cm-2 s-1,Integrated Flux,,7.25e+16,2.42e+18,Hz,xray,,,slop_other,1
894.86,s,9.3e-10,1.79e-10,1.79e-10,erg cm-2 s-1,Integrated Flux,,7.25e+16,2.42e+18,Hz,xray,,,slop_other,1
899.586,s,6.66e-10,1.31e-10,1.31e-10,erg cm-2 s-1,Integrated Flux,,7.25e+16,2.42e+18,Hz,xray,,,slop_other,1
904.781,s,7.68e-10,1.47e-10,1.47e-10,erg cm-2 s-1,Integrated Flux,,7.25e+16,2.42e+18,Hz,xray,,,slop_other,1
909.195,s,9.99e-10,1.88e-10,1.88e-10,erg cm-2 s-1,Integrated Flux,,7.25e+16,2.42e+18,Hz,xray,,,slop_other,1
914.264,s,5.98e-10,1.17e-10,1.17e-10,erg cm-2 s-1,Integrated Flux,,7.25e+16,2.42e+18,Hz,xray,,,slop_other,1
919.711,s,8.48e-10,1.6e-10,1.6e-10,erg cm-2 s-1,Integrated Flux,,7.25e+16,2.42e+18,Hz,xray,,,slop_other,1
925.002,s,6.37e-10,1.21e-10,1.21e-10,erg cm-2 s-1,Integrated Flux,,7.25e+16,2.42e+18,Hz,xray,,,slop_other,1
930.124,s,7.36e-10,1.4e-10,1.4e-10,erg cm-2 s-1,Integrated Flux,,7.25e+16,2.42e+18,Hz,xray,,,slop_other,1
935.729,s,6.53e-10,1.26e-10,1.26e-10,erg cm-2 s-1,Integrated Flux,,7.25e+16,2.42e+18,Hz,xray,,,slop_other,1
940.856,s,7.81e-10,1.52e-10,1.52e-10,erg cm-2 s-1,Integrated Flux,,7.25e+16,2.42e+18,Hz,xray,,,slop_other,1
945.625,s,7.84e-10,1.53e-10,1.53e-10,erg cm-2 s-1,Integrated Flux,,7.25e+16,2.42e+18,Hz,xray,,,slop_other,1
950.08,s,8.37e-10,1.6e-10,1.6e-10,erg cm-2 s-1,Integrated Flux,,7.25e+16,2.42e+18,Hz,xray,,,slop_other,1
954.94,s,8.38e-10,1.58e-10,1.58e-10,erg cm-2 s-1,Integrated Flux,,7.25e+16,2.42e+18,Hz,xray,,,slop_other,1
960.133,s,6.07e-10,1.16e-10,1.16e-10,erg cm-2 s-1,Integrated Flux,,7.25e+16,2.42e+18,Hz,xray,,,slop_other,1
965.626,s,9.7e-10,1.81e-10,1.81e-10,erg cm-2 s-1,Integrated Flux,,7.25e+16,2.42e+18,Hz,xray,,,slop_other,1
969.913,s,7.67e-10,1.48e-10,1.48e-10,erg cm-2 s-1,Integrated Flux,,7.25e+16,2.42e+18,Hz,xray,,,slop_other,1
975.411,s,6.31e-10,1.19e-10,1.19e-10,erg cm-2 s-1,Integrated Flux,,7.25e+16,2.42e+18,Hz,xray,,,slop_other,1
980.924,s,7.24e-10,1.36e-10,1.36e-10,erg cm-2 s-1,Integrated Flux,,7.25e+16,2.42e+18,Hz,xray,,,slop_other,1
986.58,s,7.65e-10,1.48e-10,1.48e-10,erg cm-2 s-1,Integrated Flux,,7.25e+16,2.42e+18,Hz,xray,,,slop_other,1
990.535,s,9.32e-10,1.79e-10,1.79e-10,erg cm-2 s-1,Integrated Flux,,7.25e+16,2.42e+18,Hz,xray,,,slop_other,1
994.789,s,8.74e-10,1.65e-10,1.65e-10,erg cm-2 s-1,Integrated Flux,,7.25e+16,2.42e+18,Hz,xray,,,slop_other,1
999.137,s,8.96e-10,1.7e-10,1.7e-10,erg cm-2 s-1,Integrated Flux,,7.25e+16,2.42e+18,Hz,xray,,,slop_other,1
1004.289,s,6.96e-10,1.36e-10,1.36e-10,erg cm-2 s-1,Integrated Flux,,7.25e+16,2.42e+18,Hz,xray,,,slop_other,1
1008.95,s,8.3e-10,1.55e-10,1.55e-10,erg cm-2 s-1,Integrated Flux,,7.25e+16,2.42e+18,Hz,xray,,,slop_other,1
1014.17,s,7.24e-10,1.37e-10,1.37e-10,erg cm-2 s-1,Integrated Flux,,7.25e+16,2.42e+18,Hz,xray,,,slop_other,1
1019.194,s,6.53e-10,1.26e-10,1.26e-10,erg cm-2 s-1,Integrated Flux,,7.25e+16,2.42e+18,Hz,xray,,,slop_other,1
1025.212,s,6.84e-10,1.31e-10,1.31e-10,erg cm-2 s-1,Integrated Flux,,7.25e+16,2.42e+18,Hz,xray,,,slop_other,1
1029.937,s,8.84e-10,1.65e-10,1.65e-10,erg cm-2 s-1,Integrated Flux,,7.25e+16,2.42e+18,Hz,xray,,,slop_other,1
1034.539,s,7.83e-10,1.48e-10,1.48e-10,erg cm-2 s-1,Integrated Flux,,7.25e+16,2.42e+18,Hz,xray,,,slop_other,1
1039.932,s,7.32e-10,1.43e-10,1.43e-10,erg cm-2 s-1,Integrated Flux,,7.25e+16,2.42e+18,Hz,xray,,,slop_other,1
1045.633,s,6.3e-10,1.19e-10,1.19e-10,erg cm-2 s-1,Integrated Flux,,7.25e+16,2.42e+18,Hz,xray,,,slop_other,1
1050.709,s,7.68e-10,1.46e-10,1.46e-10,erg cm-2 s-1,Integrated Flux,,7.25e+16,2.42e+18,Hz,xray,,,slop_other,1
1056.674,s,6.55e-10,1.24e-10,1.24e-10,erg cm-2 s-1,Integrated Flux,,7.25e+16,2.42e+18,Hz,xray,,,slop_other,1
1061.74,s,9.4e-10,1.78e-10,1.78e-10,erg cm-2 s-1,Integrated Flux,,7.25e+16,2.42e+18,Hz,xray,,,slop_other,1
1066.305,s,7.26e-10,1.39e-10,1.39e-10,erg cm-2 s-1,Integrated Flux,,7.25e+16,2.42e+18,Hz,xray,,,slop_other,1
1071.8,s,6.97e-10,1.3e-10,1.3e-10,erg cm-2 s-1,Integrated Flux,,7.25e+16,2.42e+18,Hz,xray,,,slop_other,1
1076.979,s,7.4e-10,1.37e-10,1.37e-10,erg cm-2 s-1,Integrated Flux,,7.25e+16,2.42e+18,Hz,xray,,,slop_other,1
1082.236,s,6.29e-10,1.21e-10,1.21e-10,erg cm-2 s-1,Integrated Flux,,7.25e+16,2.42e+18,Hz,xray,,,slop_other,1
1087.921,s,6.72e-10,1.32e-10,1.32e-10,erg cm-2 s-1,Integrated Flux,,7.25e+16,2.42e+18,Hz,xray,,,slop_other,1
1092.946,s,8.23e-10,1.62e-10,1.62e-10,erg cm-2 s-1,Integrated Flux,,7.25e+16,2.42e+18,Hz,xray,,,slop_other,1
1098.564,s,7.02e-10,1.35e-10,1.35e-10,erg cm-2 s-1,Integrated Flux,,7.25e+16,2.42e+18,Hz,xray,,,slop_other,1
1103.759,s,7.86e-10,1.55e-10,1.55e-10,erg cm-2 s-1,Integrated Flux,,7.25e+16,2.42e+18,Hz,xray,,,slop_other,1
1107.881,s,8.86e-10,1.71e-10,1.71e-10,erg cm-2 s-1,Integrated Flux,,7.25e+16,2.42e+18,Hz,xray,,,slop_other,1
1112.575,s,7.65e-10,1.46e-10,1.46e-10,erg cm-2 s-1,Integrated Flux,,7.25e+16,2.42e+18,Hz,xray,,,slop_other,1
1118.674,s,6.06e-10,1.15e-10,1.15e-10,erg cm-2 s-1,Integrated Flux,,7.25e+16,2.42e+18,Hz,xray,,,slop_other,1
1124.327,s,7.11e-10,1.37e-10,1.37e-10,erg cm-2 s-1,Integrated Flux,,7.25e+16,2.42e+18,Hz,xray,,,slop_other,1
1128.753,s,9.28e-10,1.75e-10,1.75e-10,erg cm-2 s-1,Integrated Flux,,7.25e+16,2.42e+18,Hz,xray,,,slop_other,1
1133.495,s,7.45e-10,1.43e-10,1.43e-10,erg cm-2 s-1,Integrated Flux,,7.25e+16,2.42e+18,Hz,xray,,,slop_other,1
1138.178,s,8.08e-10,1.54e-10,1.54e-10,erg cm-2 s-1,Integrated Flux,,7.25e+16,2.42e+18,Hz,xray,,,slop_other,1
1143.583,s,6.39e-10,1.24e-10,1.24e-10,erg cm-2 s-1,Integrated Flux,,7.25e+16,2.42e+18,Hz,xray,,,slop_other,1
1149.348,s,6.1e-10,1.15e-10,1.15e-10,erg cm-2 s-1,Integrated Flux,,7.25e+16,2.42e+18,Hz,xray,,,slop_other,1
1155.808,s,7.07e-10,1.35e-10,1.35e-10,erg cm-2 s-1,Integrated Flux,,7.25e+16,2.42e+18,Hz,xray,,,slop_other,1
1161.67,s,6.11e-10,1.15e-10,1.15e-10,erg cm-2 s-1,Integrated Flux,,7.25e+16,2.42e+18,Hz,xray,,,slop_other,1
1166.881,s,7.07e-10,1.38e-10,1.38e-10,erg cm-2 s-1,Integrated Flux,,7.25e+16,2.42e+18,Hz,xray,,,slop_other,1
1171.991,s,7.54e-10,1.42e-10,1.42e-10,erg cm-2 s-1,Integrated Flux,,7.25e+16,2.42e+18,Hz,xray,,,slop_other,1
1177.509,s,6.8e-10,1.28e-10,1.28e-10,erg cm-2 s-1,Integrated Flux,,7.25e+16,2.42e+18,Hz,xray,,,slop_other,1
1182.633,s,7.2e-10,1.37e-10,1.37e-10,erg cm-2 s-1,Integrated Flux,,7.25e+16,2.42e+18,Hz,xray,,,slop_other,1
1188.278,s,6.05e-10,1.16e-10,1.16e-10,erg cm-2 s-1,Integrated Flux,,7.25e+16,2.42e+18,Hz,xray,,,slop_other,1
1194.405,s,7.14e-10,1.36e-10,1.36e-10,erg cm-2 s-1,Integrated Flux,,7.25e+16,2.42e+18,Hz,xray,,,slop_other,1
1200.361,s,6.96e-10,1.31e-10,1.31e-10,erg cm-2 s-1,Integrated Flux,,7.25e+16,2.42e+18,Hz,xray,,,slop_other,1
1205.775,s,7.07e-10,1.36e-10,1.36e-10,erg cm-2 s-1,Integrated Flux,,7.25e+16,2.42e+18,Hz,xray,,,slop_other,1
1210.869,s,6.89e-10,1.3e-10,1.3e-10,erg cm-2 s-1,Integrated Flux,,7.25e+16,2.42e+18,Hz,xray,,,slop_other,1
1216.639,s,6.53e-10,1.29e-10,1.29e-10,erg cm-2 s-1,Integrated Flux,,7.25e+16,2.42e+18,Hz,xray,,,slop_other,1
1223.212,s,4.33e-10,9.41e-11,9.41e-11,erg cm-2 s-1,Integrated Flux,,7.25e+16,2.42e+18,Hz,xray,,,slop_other,1
1229.155,s,5.8e-10,1.11e-10,1.11e-10,erg cm-2 s-1,Integrated Flux,,7.25e+16,2.42e+18,Hz,xray,,,slop_other,1
1235.209,s,7.13e-10,1.35e-10,1.35e-10,erg cm-2 s-1,Integrated Flux,,7.25e+16,2.42e+18,Hz,xray,,,slop_other,1
1240.776,s,5.54e-10,1.03e-10,1.03e-10,erg cm-2 s-1,Integrated Flux,,7.25e+16,2.42e+18,Hz,xray,,,slop_other,1
1247.142,s,4.47e-10,9.63e-11,9.63e-11,erg cm-2 s-1,Integrated Flux,,7.25e+16,2.42e+18,Hz,xray,,,slop_other,1
1253.109,s,5.77e-10,1.09e-10,1.09e-10,erg cm-2 s-1,Integrated Flux,,7.25e+16,2.42e+18,Hz,xray,,,slop_other,1
1259.962,s,6.98e-10,1.35e-10,1.35e-10,erg cm-2 s-1,Integrated Flux,,7.25e+16,2.42e+18,Hz,xray,,,slop_other,1
1265.431,s,6.32e-10,1.21e-10,1.21e-10,erg cm-2 s-1,Integrated Flux,,7.25e+16,2.42e+18,Hz,xray,,,slop_other,1
1271.199,s,4.26e-10,9.13e-11,9.13e-11,erg cm-2 s-1,Integrated Flux,,7.25e+16,2.42e+18,Hz,xray,,,slop_other,1
1277.674,s,5.22e-10,9.99e-11,9.99e-11,erg cm-2 s-1,Integrated Flux,,7.25e+16,2.42e+18,Hz,xray,,,slop_other,1
1284.031,s,6.9e-10,1.36e-10,1.36e-10,erg cm-2 s-1,Integrated Flux,,7.25e+16,2.42e+18,Hz,xray,,,slop_other,1
1289.258,s,5.07e-10,1.12e-10,1.12e-10,erg cm-2 s-1,Integrated Flux,,7.25e+16,2.42e+18,Hz,xray,,,slop_other,1
1294.191,s,8.41e-10,1.6e-10,1.6e-10,erg cm-2 s-1,Integrated Flux,,7.25e+16,2.42e+18,Hz,xray,,,slop_other,1
1298.948,s,5.11e-10,1.09e-10,1.09e-10,erg cm-2 s-1,Integrated Flux,,7.25e+16,2.42e+18,Hz,xray,,,slop_other,1
1304.082,s,5.01e-10,1.08e-10,1.08e-10,erg cm-2 s-1,Integrated Flux,,7.25e+16,2.42e+18,Hz,xray,,,slop_other,1
1309.719,s,6.68e-10,1.28e-10,1.28e-10,erg cm-2 s-1,Integrated Flux,,7.25e+16,2.42e+18,Hz,xray,,,slop_other,1
1315.454,s,5.63e-10,1.08e-10,1.08e-10,erg cm-2 s-1,Integrated Flux,,7.25e+16,2.42e+18,Hz,xray,,,slop_other,1
1322.047,s,6.51e-10,1.25e-10,1.25e-10,erg cm-2 s-1,Integrated Flux,,7.25e+16,2.42e+18,Hz,xray,,,slop_other,1
1327.923,s,7.08e-10,1.33e-10,1.33e-10,erg cm-2 s-1,Integrated Flux,,7.25e+16,2.42e+18,Hz,xray,,,slop_other,1
1333.709,s,5.1e-10,9.98e-11,9.98e-11,erg cm-2 s-1,Integrated Flux,,7.25e+16,2.42e+18,Hz,xray,,,slop_other,1
1340.35,s,5.77e-10,1.1e-10,1.1e-10,erg cm-2 s-1,Integrated Flux,,7.25e+16,2.42e+18,Hz,xray,,,slop_other,1
1346.345,s,6.43e-10,1.23e-10,1.23e-10,erg cm-2 s-1,Integrated Flux,,7.25e+16,2.42e+18,Hz,xray,,,slop_other,1
1352.557,s,5.88e-10,1.12e-10,1.12e-10,erg cm-2 s-1,Integrated Flux,,7.25e+16,2.42e+18,Hz,xray,,,slop_other,1
1359.564,s,5.13e-10,9.84e-11,9.84e-11,erg cm-2 s-1,Integrated Flux,,7.25e+16,2.42e+18,Hz,xray,,,slop_other,1
1366.446,s,5.25e-10,1.13e-10,1.13e-10,erg cm-2 s-1,Integrated Flux,,7.25e+16,2.42e+18,Hz,xray,,,slop_other,1
1371.707,s,5.65e-10,1.09e-10,1.09e-10,erg cm-2 s-1,Integrated Flux,,7.25e+16,2.42e+18,Hz,xray,,,slop_other,1
1378.043,s,6.81e-10,1.3e-10,1.3e-10,erg cm-2 s-1,Integrated Flux,,7.25e+16,2.42e+18,Hz,xray,,,slop_other,1
1383.319,s,4.97e-10,1.09e-10,1.09e-10,erg cm-2 s-1,Integrated Flux,,7.25e+16,2.42e+18,Hz,xray,,,slop_other,1
1388.271,s,3.98e-10,9.15e-11,9.15e-11,erg cm-2 s-1,Integrated Flux,,7.25e+16,2.42e+18,Hz,xray,,,slop_other,1
1394.563,s,5.13e-10,1.11e-10,1.11e-10,erg cm-2 s-1,Integrated Flux,,7.25e+16,2.42e+18,Hz,xray,,,slop_other,1
1399.746,s,5.49e-10,1.05e-10,1.05e-10,erg cm-2 s-1,Integrated Flux,,7.25e+16,2.42e+18,Hz,xray,,,slop_other,1
1405.646,s,7.14e-10,1.38e-10,1.38e-10,erg cm-2 s-1,Integrated Flux,,7.25e+16,2.42e+18,Hz,xray,,,slop_other,1
1411.624,s,6.18e-10,1.16e-10,1.16e-10,erg cm-2 s-1,Integrated Flux,,7.25e+16,2.42e+18,Hz,xray,,,slop_other,1
1417.792,s,5.67e-10,1.11e-10,1.11e-10,erg cm-2 s-1,Integrated Flux,,7.25e+16,2.42e+18,Hz,xray,,,slop_other,1
1424.31,s,6.29e-10,1.2e-10,1.2e-10,erg cm-2 s-1,Integrated Flux,,7.25e+16,2.42e+18,Hz,xray,,,slop_other,1
1429.919,s,6.38e-10,1.21e-10,1.21e-10,erg cm-2 s-1,Integrated Flux,,7.25e+16,2.42e+18,Hz,xray,,,slop_other,1
1435.832,s,6.39e-10,1.23e-10,1.23e-10,erg cm-2 s-1,Integrated Flux,,7.25e+16,2.42e+18,Hz,xray,,,slop_other,1
1441.633,s,6.38e-10,1.22e-10,1.22e-10,erg cm-2 s-1,Integrated Flux,,7.25e+16,2.42e+18,Hz,xray,,,slop_other,1
1447.191,s,5.06e-10,1.12e-10,1.12e-10,erg cm-2 s-1,Integrated Flux,,7.25e+16,2.42e+18,Hz,xray,,,slop_other,1
1452.463,s,6e-10,1.15e-10,1.15e-10,erg cm-2 s-1,Integrated Flux,,7.25e+16,2.42e+18,Hz,xray,,,slop_other,1
1457.982,s,4.95e-10,1.09e-10,1.09e-10,erg cm-2 s-1,Integrated Flux,,7.25e+16,2.42e+18,Hz,xray,,,slop_other,1
1464.14,s,5.76e-10,1.08e-10,1.08e-10,erg cm-2 s-1,Integrated Flux,,7.25e+16,2.42e+18,Hz,xray,,,slop_other,1
1470.831,s,6.17e-10,1.18e-10,1.18e-10,erg cm-2 s-1,Integrated Flux,,7.25e+16,2.42e+18,Hz,xray,,,slop_other,1
1476.793,s,5.97e-10,1.12e-10,1.12e-10,erg cm-2 s-1,Integrated Flux,,7.25e+16,2.42e+18,Hz,xray,,,slop_other,1
1483.067,s,4.15e-10,9.48e-11,9.48e-11,erg cm-2 s-1,Integrated Flux,,7.25e+16,2.42e+18,Hz,xray,,,slop_other,1
1488.778,s,6.02e-10,1.12e-10,1.12e-10,erg cm-2 s-1,Integrated Flux,,7.25e+16,2.42e+18,Hz,xray,,,slop_other,1
1495.056,s,4.17e-10,8.94e-11,8.94e-11,erg cm-2 s-1,Integrated Flux,,7.25e+16,2.42e+18,Hz,xray,,,slop_other,1
1500.318,s,5.23e-10,1.07e-10,1.07e-10,erg cm-2 s-1,Integrated Flux,,7.25e+16,2.42e+18,Hz,xray,,,slop_other,1
1506.08,s,6.67e-10,1.28e-10,1.28e-10,erg cm-2 s-1,Integrated Flux,,7.25e+16,2.42e+18,Hz,xray,,,slop_other,1
1512.567,s,5.68e-10,1.1e-10,1.1e-10,erg cm-2 s-1,Integrated Flux,,7.25e+16,2.42e+18,Hz,xray,,,slop_other,1
1519.019,s,5.17e-10,1.01e-10,1.01e-10,erg cm-2 s-1,Integrated Flux,,7.25e+16,2.42e+18,Hz,xray,,,slop_other,1
1525.277,s,4.76e-10,1.02e-10,1.02e-10,erg cm-2 s-1,Integrated Flux,,7.25e+16,2.42e+18,Hz,xray,,,slop_other,1
1530.571,s,5.19e-10,1.09e-10,1.09e-10,erg cm-2 s-1,Integrated Flux,,7.25e+16,2.42e+18,Hz,xray,,,slop_other,1
1536.036,s,4.96e-10,1.1e-10,1.1e-10,erg cm-2 s-1,Integrated Flux,,7.25e+16,2.42e+18,Hz,xray,,,slop_other,1
1541.854,s,5.71e-10,1.09e-10,1.09e-10,erg cm-2 s-1,Integrated Flux,,7.25e+16,2.42e+18,Hz,xray,,,slop_other,1
1547.58,s,5.13e-10,1.03e-10,1.03e-10,erg cm-2 s-1,Integrated Flux,,7.25e+16,2.42e+18,Hz,xray,,,slop_other,1
1553.667,s,6.22e-10,1.18e-10,1.18e-10,erg cm-2 s-1,Integrated Flux,,7.25e+16,2.42e+18,Hz,xray,,,slop_other,1
1560.178,s,4.32e-10,9.71e-11,9.71e-11,erg cm-2 s-1,Integrated Flux,,7.25e+16,2.42e+18,Hz,xray,,,slop_other,1
1565.985,s,4.95e-10,9.8e-11,9.8e-11,erg cm-2 s-1,Integrated Flux,,7.25e+16,2.42e+18,Hz,xray,,,slop_other,1
1572.307,s,4.76e-10,1.02e-10,1.02e-10,erg cm-2 s-1,Integrated Flux,,7.25e+16,2.42e+18,Hz,xray,,,slop_other,1
1577.986,s,4.62e-10,1e-10,1e-10,erg cm-2 s-1,Integrated Flux,,7.25e+16,2.42e+18,Hz,xray,,,slop_other,1
1583.415,s,3.76e-10,8.01e-11,8.01e-11,erg cm-2 s-1,Integrated Flux,,7.25e+16,2.42e+18,Hz,xray,,,slop_other,1
1590.15,s,5.83e-10,1.1e-10,1.1e-10,erg cm-2 s-1,Integrated Flux,,7.25e+16,2.42e+18,Hz,xray,,,slop_other,1
1596.179,s,5.84e-10,1.12e-10,1.12e-10,erg cm-2 s-1,Integrated Flux,,7.25e+16,2.42e+18,Hz,xray,,,slop_other,1
1603.055,s,4.05e-10,8.71e-11,8.71e-11,erg cm-2 s-1,Integrated Flux,,7.25e+16,2.42e+18,Hz,xray,,,slop_other,1
1609.062,s,6.2e-10,1.2e-10,1.2e-10,erg cm-2 s-1,Integrated Flux,,7.25e+16,2.42e+18,Hz,xray,,,slop_other,1
1614.38,s,5.18e-10,1.11e-10,1.11e-10,erg cm-2 s-1,Integrated Flux,,7.25e+16,2.42e+18,Hz,xray,,,slop_other,1
1620.611,s,5.5e-10,1.04e-10,1.04e-10,erg cm-2 s-1,Integrated Flux,,7.25e+16,2.42e+18,Hz,xray,,,slop_other,1
1627.014,s,5.64e-10,1.06e-10,1.06e-10,erg cm-2 s-1,Integrated Flux,,7.25e+16,2.42e+18,Hz,xray,,,slop_other,1
1633.542,s,4.33e-10,9.33e-11,9.33e-11,erg cm-2 s-1,Integrated Flux,,7.25e+16,2.42e+18,Hz,xray,,,slop_other,1
1639.457,s,6.87e-10,1.28e-10,1.28e-10,erg cm-2 s-1,Integrated Flux,,7.25e+16,2.42e+18,Hz,xray,,,slop_other,1
1645.044,s,5.55e-10,1.06e-10,1.06e-10,erg cm-2 s-1,Integrated Flux,,7.25e+16,2.42e+18,Hz,xray,,,slop_other,1
1651.713,s,4.89e-10,1.04e-10,1.04e-10,erg cm-2 s-1,Integrated Flux,,7.25e+16,2.42e+18,Hz,xray,,,slop_other,1
1657.337,s,5.73e-10,1.1e-10,1.1e-10,erg cm-2 s-1,Integrated Flux,,7.25e+16,2.42e+18,Hz,xray,,,slop_other,1
1664.255,s,3.58e-10,7.67e-11,7.67e-11,erg cm-2 s-1,Integrated Flux,,7.25e+16,2.42e+18,Hz,xray,,,slop_other,1
1670.918,s,4.17e-10,8.9e-11,8.9e-11,erg cm-2 s-1,Integrated Flux,,7.25e+16,2.42e+18,Hz,xray,,,slop_other,1
1676.797,s,6.11e-10,1.18e-10,1.18e-10,erg cm-2 s-1,Integrated Flux,,7.25e+16,2.42e+18,Hz,xray,,,slop_other,1
1682.707,s,5.62e-10,1.06e-10,1.06e-10,erg cm-2 s-1,Integrated Flux,,7.25e+16,2.42e+18,Hz,xray,,,slop_other,1
1689.126,s,5.19e-10,1.09e-10,1.09e-10,erg cm-2 s-1,Integrated Flux,,7.25e+16,2.42e+18,Hz,xray,,,slop_other,1
1694.979,s,5.85e-10,1.13e-10,1.13e-10,erg cm-2 s-1,Integrated Flux,,7.25e+16,2.42e+18,Hz,xray,,,slop_other,1
1700.492,s,4.65e-10,1.05e-10,1.05e-10,erg cm-2 s-1,Integrated Flux,,7.25e+16,2.42e+18,Hz,xray,,,slop_other,1
1705.788,s,4.59e-10,1.01e-10,1.01e-10,erg cm-2 s-1,Integrated Flux,,7.25e+16,2.42e+18,Hz,xray,,,slop_other,1
1711.919,s,5.23e-10,1.13e-10,1.13e-10,erg cm-2 s-1,Integrated Flux,,7.25e+16,2.42e+18,Hz,xray,,,slop_other,1
1716.637,s,4.65e-10,1.02e-10,1.02e-10,erg cm-2 s-1,Integrated Flux,,7.25e+16,2.42e+18,Hz,xray,,,slop_other,1
1722.033,s,3.7e-10,7.87e-11,7.87e-11,erg cm-2 s-1,Integrated Flux,,7.25e+16,2.42e+18,Hz,xray,,,slop_other,1
1727.995,s,4.84e-10,1.11e-10,1.11e-10,erg cm-2 s-1,Integrated Flux,,7.25e+16,2.42e+18,Hz,xray,,,slop_other,1
1733.62,s,5.06e-10,1.08e-10,1.08e-10,erg cm-2 s-1,Integrated Flux,,7.25e+16,2.42e+18,Hz,xray,,,slop_other,1
1738.645,s,3.9e-10,8.66e-11,8.66e-11,erg cm-2 s-1,Integrated Flux,,7.25e+16,2.42e+18,Hz,xray,,,slop_other,1
1744.605,s,6.12e-10,1.15e-10,1.15e-10,erg cm-2 s-1,Integrated Flux,,7.25e+16,2.42e+18,Hz,xray,,,slop_other,1
1749.971,s,5.12e-10,1.1e-10,1.1e-10,erg cm-2 s-1,Integrated Flux,,7.25e+16,2.42e+18,Hz,xray,,,slop_other,1
1755.421,s,4.49e-10,9.87e-11,9.87e-11,erg cm-2 s-1,Integrated Flux,,7.25e+16,2.42e+18,Hz,xray,,,slop_other,1
1760.786,s,4.71e-10,1.04e-10,1.04e-10,erg cm-2 s-1,Integrated Flux,,7.25e+16,2.42e+18,Hz,xray,,,slop_other,1
1766.109,s,5.57e-10,1.2e-10,1.2e-10,erg cm-2 s-1,Integrated Flux,,7.25e+16,2.42e+18,Hz,xray,,,slop_other,1
1771.929,s,7.46e-10,1.39e-10,1.39e-10,erg cm-2 s-1,Integrated Flux,,7.25e+16,2.42e+18,Hz,xray,,,slop_other,1
1777.385,s,4.83e-10,1.03e-10,1.03e-10,erg cm-2 s-1,Integrated Flux,,7.25e+16,2.42e+18,Hz,xray,,,slop_other,1
1784.236,s,5.81e-10,1.11e-10,1.11e-10,erg cm-2 s-1,Integrated Flux,,7.25e+16,2.42e+18,Hz,xray,,,slop_other,1
1791.117,s,4.4e-10,9.67e-11,9.67e-11,erg cm-2 s-1,Integrated Flux,,7.25e+16,2.42e+18,Hz,xray,,,slop_other,1
1797.289,s,4.87e-10,1.15e-10,1.15e-10,erg cm-2 s-1,Integrated Flux,,7.25e+16,2.42e+18,Hz,xray,,,slop_other,1
1803.37,s,4.7e-10,1.04e-10,1.04e-10,erg cm-2 s-1,Integrated Flux,,7.25e+16,2.42e+18,Hz,xray,,,slop_other,1
1808.652,s,3.52e-10,8.24e-11,8.24e-11,erg cm-2 s-1,Integrated Flux,,7.25e+16,2.42e+18,Hz,xray,,,slop_other,1
1838.229,s,1.72e-10,3.88e-11,3.88e-11,erg cm-2 s-1,Integrated Flux,,7.25e+16,2.42e+18,Hz,xray,,,slop_other,1
1883.487,s,4.97e-10,1.04e-10,1.04e-10,erg cm-2 s-1,Integrated Flux,,7.25e+16,2.42e+18,Hz,xray,,,slop_other,1
1910.615,s,3.95e-10,8.85e-11,8.85e-11,erg cm-2 s-1,Integrated Flux,,7.25e+16,2.42e+18,Hz,xray,,,slop_other,1
1945.448,s,2.69e-10,6.05e-11,6.05e-11,erg cm-2 s-1,Integrated Flux,,7.25e+16,2.42e+18,Hz,xray,,,slop_other,1
2002.718,s,2.24e-10,5.04e-11,5.04e-11,erg cm-2 s-1,Integrated Flux,,7.25e+16,2.42e+18,Hz,xray,,,slop_other,1
2052.91,s,3.67e-10,8.26e-11,8.26e-11,erg cm-2 s-1,Integrated Flux,,7.25e+16,2.42e+18,Hz,xray,,,slop_other,1
2087.291,s,3.55e-10,7.58e-11,7.58e-11,erg cm-2 s-1,Integrated Flux,,7.25e+16,2.42e+18,Hz,xray,,,slop_other,1
2125.345,s,2.72e-10,6.1e-11,6.1e-11,erg cm-2 s-1,Integrated Flux,,7.25e+16,2.42e+18,Hz,xray,,,slop_other,1
2173.744,s,3.02e-10,6.77e-11,6.77e-11,erg cm-2 s-1,Integrated Flux,,7.25e+16,2.42e+18,Hz,xray,,,slop_other,1
2243.632,s,2.85e-10,4.59e-11,4.59e-11,erg cm-2 s-1,Integrated Flux,,7.25e+16,2.42e+18,Hz,xray,,,slop_other,1
5572.129,s,1.36e-10,2.9e-11,2.9e-11,erg cm-2 s-1,Integrated Flux,,7.25e+16,2.42e+18,Hz,xray,,,slop_other,1
5610.417,s,9.64e-11,2.11e-11,2.11e-11,erg cm-2 s-1,Integrated Flux,,7.25e+16,2.42e+18,Hz,xray,,,slop_other,1
5641.227,s,1.31e-10,2.88e-11,2.88e-11,erg cm-2 s-1,Integrated Flux,,7.25e+16,2.42e+18,Hz,xray,,,slop_other,1
5674.487,s,1.21e-10,2.71e-11,2.71e-11,erg cm-2 s-1,Integrated Flux,,7.25e+16,2.42e+18,Hz,xray,,,slop_other,1
5711.28,s,9.34e-11,2e-11,2e-11,erg cm-2 s-1,Integrated Flux,,7.25e+16,2.42e+18,Hz,xray,,,slop_other,1
5752.155,s,1.37e-10,2.3e-11,2.3e-11,erg cm-2 s-1,Integrated Flux,,7.25e+16,2.42e+18,Hz,xray,,,slop_other,1
6153.981,s,1.18e-10,2.64e-11,2.64e-11,erg cm-2 s-1,Integrated Flux,,7.25e+16,2.42e+18,Hz,xray,,,slop_other,1
6181.429,s,9.21e-11,2.02e-11,2.02e-11,erg cm-2 s-1,Integrated Flux,,7.25e+16,2.42e+18,Hz,xray,,,slop_other,1
6215.907,s,1e-10,2.25e-11,2.25e-11,erg cm-2 s-1,Integrated Flux,,7.25e+16,2.42e+18,Hz,xray,,,slop_other,1
6250.531,s,1.06e-10,2.12e-11,2.12e-11,erg cm-2 s-1,Integrated Flux,,7.25e+16,2.42e+18,Hz,xray,,,slop_other,1
6276.167,s,1.34e-10,2.81e-11,2.81e-11,erg cm-2 s-1,Integrated Flux,,7.25e+16,2.42e+18,Hz,xray,,,slop_other,1
6305.548,s,1.17e-10,2.61e-11,2.61e-11,erg cm-2 s-1,Integrated Flux,,7.25e+16,2.42e+18,Hz,xray,,,slop_other,1
6329.485,s,1.11e-10,2.44e-11,2.44e-11,erg cm-2 s-1,Integrated Flux,,7.25e+16,2.42e+18,Hz,xray,,,slop_other,1
6366.248,s,6.83e-11,1.5e-11,1.5e-11,erg cm-2 s-1,Integrated Flux,,7.25e+16,2.42e+18,Hz,xray,,,slop_other,1
6401.579,s,1.29e-10,2.88e-11,2.88e-11,erg cm-2 s-1,Integrated Flux,,7.25e+16,2.42e+18,Hz,xray,,,slop_other,1
6431.657,s,6.51e-11,1.47e-11,1.47e-11,erg cm-2 s-1,Integrated Flux,,7.25e+16,2.42e+18,Hz,xray,,,slop_other,1
6465.012,s,1.17e-10,2.62e-11,2.62e-11,erg cm-2 s-1,Integrated Flux,,7.25e+16,2.42e+18,Hz,xray,,,slop_other,1
6505.349,s,7.9e-11,1.73e-11,1.73e-11,erg cm-2 s-1,Integrated Flux,,7.25e+16,2.42e+18,Hz,xray,,,slop_other,1
6541.105,s,7.96e-11,1.78e-11,1.78e-11,erg cm-2 s-1,Integrated Flux,,7.25e+16,2.42e+18,Hz,xray,,,slop_other,1
6572.699,s,1.01e-10,2.25e-11,2.25e-11,erg cm-2 s-1,Integrated Flux,,7.25e+16,2.42e+18,Hz,xray,,,slop_other,1
6615.069,s,6.53e-11,1.4e-11,1.4e-11,erg cm-2 s-1,Integrated Flux,,7.25e+16,2.42e+18,Hz,xray,,,slop_other,1
6656.317,s,8.63e-11,1.93e-11,1.93e-11,erg cm-2 s-1,Integrated Flux,,7.25e+16,2.42e+18,Hz,xray,,,slop_other,1
6691.422,s,1.27e-10,2.54e-11,2.54e-11,erg cm-2 s-1,Integrated Flux,,7.25e+16,2.42e+18,Hz,xray,,,slop_other,1
7967.59,s,8.09e-11,1.81e-11,1.81e-11,erg cm-2 s-1,Integrated Flux,,7.25e+16,2.42e+18,Hz,xray,,,slop_other,1
8000.979,s,9.27e-11,2.02e-11,2.02e-11,erg cm-2 s-1,Integrated Flux,,7.25e+16,2.42e+18,Hz,xray,,,slop_other,1
8039.682,s,7.44e-11,1.41e-11,1.41e-11,erg cm-2 s-1,Integrated Flux,,7.25e+16,2.42e+18,Hz,xray,,,slop_other,1
11911.735,s,5.67e-11,1.27e-11,1.27e-11,erg cm-2 s-1,Integrated Flux,,7.25e+16,2.42e+18,Hz,xray,,,slop_other,1
11961.751,s,4.07e-11,9.13e-12,9.13e-12,erg cm-2 s-1,Integrated Flux,,7.25e+16,2.42e+18,Hz,xray,,,slop_other,1
12023.491,s,4.66e-11,1.02e-11,1.02e-11,erg cm-2 s-1,Integrated Flux,,7.25e+16,2.42e+18,Hz,xray,,,slop_other,1
12064.925,s,5.63e-11,1.23e-11,1.23e-11,erg cm-2 s-1,Integrated Flux,,7.25e+16,2.42e+18,Hz,xray,,,slop_other,1
12110.313,s,5.13e-11,1.15e-11,1.15e-11,erg cm-2 s-1,Integrated Flux,,7.25e+16,2.42e+18,Hz,xray,,,slop_other,1
12178.354,s,4.61e-11,7.61e-12,7.61e-12,erg cm-2 s-1,Integrated Flux,,7.25e+16,2.42e+18,Hz,xray,,,slop_other,1
13745.235,s,3.31e-11,7.44e-12,7.44e-12,erg cm-2 s-1,Integrated Flux,,7.25e+16,2.42e+18,Hz,xray,,,slop_other,1
13803.874,s,2.89e-11,6.34e-12,6.34e-12,erg cm-2 s-1,Integrated Flux,,7.25e+16,2.42e+18,Hz,xray,,,slop_other,1
18863.226,s,2.14e-11,4.81e-12,4.81e-12,erg cm-2 s-1,Integrated Flux,,7.25e+16,2.42e+18,Hz,xray,,,slop_other,1
18966.15,s,2.26e-11,5.07e-12,5.07e-12,erg cm-2 s-1,Integrated Flux,,7.25e+16,2.42e+18,Hz,xray,,,slop_other,1
19067.273,s,2.98e-11,6.54e-12,6.54e-12,erg cm-2 s-1,Integrated Flux,,7.25e+16,2.42e+18,Hz,xray,,,slop_other,1
19125.998,s,3.99e-11,8.92e-12,8.92e-12,erg cm-2 s-1,Integrated Flux,,7.25e+16,2.42e+18,Hz,xray,,,slop_other,1
19205.638,s,2.36e-11,5.17e-12,5.17e-12,erg cm-2 s-1,Integrated Flux,,7.25e+16,2.42e+18,Hz,xray,,,slop_other,1
19302.633,s,2.76e-11,6.19e-12,6.19e-12,erg cm-2 s-1,Integrated Flux,,7.25e+16,2.42e+18,Hz,xray,,,slop_other,1
19367.825,s,3.69e-11,8.29e-12,8.29e-12,erg cm-2 s-1,Integrated Flux,,7.25e+16,2.42e+18,Hz,xray,,,slop_other,1
19445.922,s,2.78e-11,6.24e-12,6.24e-12,erg cm-2 s-1,Integrated Flux,,7.25e+16,2.42e+18,Hz,xray,,,slop_other,1
19555.743,s,2.48e-11,4.34e-12,4.34e-12,erg cm-2 s-1,Integrated Flux,,7.25e+16,2.42e+18,Hz,xray,,,slop_other,1
24816.767,s,1.92e-11,4.22e-12,4.22e-12,erg cm-2 s-1,Integrated Flux,,7.25e+16,2.42e+18,Hz,xray,,,slop_other,1
24901.548,s,3.13e-11,6.86e-12,6.86e-12,erg cm-2 s-1,Integrated Flux,,7.25e+16,2.42e+18,Hz,xray,,,slop_other,1
24973.924,s,2.18e-11,4.9e-12,4.9e-12,erg cm-2 s-1,Integrated Flux,,7.25e+16,2.42e+18,Hz,xray,,,slop_other,1
25084.257,s,2.63e-11,5.9e-12,5.9e-12,erg cm-2 s-1,Integrated Flux,,7.25e+16,2.42e+18,Hz,xray,,,slop_other,1
25166.367,s,2.49e-11,5.59e-12,5.59e-12,erg cm-2 s-1,Integrated Flux,,7.25e+16,2.42e+18,Hz,xray,,,slop_other,1
25265.229,s,2.96e-11,6.49e-12,6.49e-12,erg cm-2 s-1,Integrated Flux,,7.25e+16,2.42e+18,Hz,xray,,,slop_other,1
25347.679,s,2.12e-11,4.53e-12,4.53e-12,erg cm-2 s-1,Integrated Flux,,7.25e+16,2.42e+18,Hz,xray,,,slop_other,1
29935.051,s,1.78e-11,4e-12,4e-12,erg cm-2 s-1,Integrated Flux,,7.25e+16,2.42e+18,Hz,xray,,,slop_other,1
30055.041,s,2.13e-11,4.8e-12,4.8e-12,erg cm-2 s-1,Integrated Flux,,7.25e+16,2.42e+18,Hz,xray,,,slop_other,1
30165.734,s,1.83e-11,4.1e-12,4.1e-12,erg cm-2 s-1,Integrated Flux,,7.25e+16,2.42e+18,Hz,xray,,,slop_other,1
30297.43,s,2.03e-11,4.37e-12,4.37e-12,erg cm-2 s-1,Integrated Flux,,7.25e+16,2.42e+18,Hz,xray,,,slop_other,1
30450.812,s,1.49e-11,3.37e-12,3.37e-12,erg cm-2 s-1,Integrated Flux,,7.25e+16,2.42e+18,Hz,xray,,,slop_other,1
30584.696,s,1.62e-11,3.65e-12,3.65e-12,erg cm-2 s-1,Integrated Flux,,7.25e+16,2.42e+18,Hz,xray,,,slop_other,1
30733.652,s,1.11e-11,2.5e-12,2.5e-12,erg cm-2 s-1,Integrated Flux,,7.25e+16,2.42e+18,Hz,xray,,,slop_other,1
30870.277,s,9.48e-12,2.14e-12,2.14e-12,erg cm-2 s-1,Integrated Flux,,7.25e+16,2.42e+18,Hz,xray,,,slop_other,1
31015.473,s,2.43e-11,5.45e-12,5.45e-12,erg cm-2 s-1,Integrated Flux,,7.25e+16,2.42e+18,Hz,xray,,,slop_other,1
31140.854,s,1.9e-11,3.98e-12,3.98e-12,erg cm-2 s-1,Integrated Flux,,7.25e+16,2.42e+18,Hz,xray,,,slop_other,1
35893.714,s,1.44e-11,3.16e-12,3.16e-12,erg cm-2 s-1,Integrated Flux,,7.25e+16,2.42e+18,Hz,xray,,,slop_other,1
36164.368,s,9.91e-12,2.23e-12,2.23e-12,erg cm-2 s-1,Integrated Flux,,7.25e+16,2.42e+18,Hz,xray,,,slop_other,1
36521.046,s,1.1e-11,2.1e-12,2.1e-12,erg cm-2 s-1,Integrated Flux,,7.25e+16,2.42e+18,Hz,xray,,,slop_other,1
98715.625,s,6.68e-12,1.5e-12,1.5e-12,erg cm-2 s-1,Integrated Flux,,7.25e+16,2.42e+18,Hz,xray,,,slop_other,1
98883.146,s,4.59e-12,1.19e-12,1.19e-12,erg cm-2 s-1,Integrated Flux,,7.25e+16,2.42e+18,Hz,xray,,,slop_other,1
99125.525,s,4.2e-12,1.1e-12,1.1e-12,erg cm-2 s-1,Integrated Flux,,7.25e+16,2.42e+18,Hz,xray,,,slop_other,1
99318.884,s,6.24e-12,1.41e-12,1.41e-12,erg cm-2 s-1,Integrated Flux,,7.25e+16,2.42e+18,Hz,xray,,,slop_other,1
99520.342,s,6.26e-12,1.41e-12,1.41e-12,erg cm-2 s-1,Integrated Flux,,7.25e+16,2.42e+18,Hz,xray,,,slop_other,1
99746.633,s,5.91e-12,1.27e-12,1.27e-12,erg cm-2 s-1,Integrated Flux,,7.25e+16,2.42e+18,Hz,xray,,,slop_other,1
99960.451,s,3.56e-12,9.27e-13,9.27e-13,erg cm-2 s-1,Integrated Flux,,7.25e+16,2.42e+18,Hz,xray,,,slop_other,1
100183.782,s,4.75e-12,1.24e-12,1.24e-12,erg cm-2 s-1,Integrated Flux,,7.25e+16,2.42e+18,Hz,xray,,,slop_other,1
100468.416,s,5.08e-12,1.05e-12,1.05e-12,erg cm-2 s-1,Integrated Flux,,7.25e+16,2.42e+18,Hz,xray,,,slop_other,1
104607.997,s,4.7e-12,1.23e-12,1.23e-12,erg cm-2 s-1,Integrated Flux,,7.25e+16,2.42e+18,Hz,xray,,,slop_other,1
104776.655,s,4.49e-12,1.16e-12,1.16e-12,erg cm-2 s-1,Integrated Flux,,7.25e+16,2.42e+18,Hz,xray,,,slop_other,1
105029.723,s,3.99e-12,1.05e-12,1.05e-12,erg cm-2 s-1,Integrated Flux,,7.25e+16,2.42e+18,Hz,xray,,,slop_other,1
105311.022,s,2.89e-12,7.63e-13,7.63e-13,erg cm-2 s-1,Integrated Flux,,7.25e+16,2.42e+18,Hz,xray,,,slop_other,1
105574.272,s,4.96e-12,1.12e-12,1.12e-12,erg cm-2 s-1,Integrated Flux,,7.25e+16,2.42e+18,Hz,xray,,,slop_other,1
105890.594,s,3.91e-12,9.87e-13,9.87e-13,erg cm-2 s-1,Integrated Flux,,7.25e+16,2.42e+18,Hz,xray,,,slop_other,1
106177.853,s,6.13e-12,1e-12,1e-12,erg cm-2 s-1,Integrated Flux,,7.25e+16,2.42e+18,Hz,xray,,,slop_other,1
112027.338,s,4.52e-12,9.93e-13,9.93e-13,erg cm-2 s-1,Integrated Flux,,7.25e+16,2.42e+18,Hz,xray,,,slop_other,1
118486.822,s,3.84e-12,1.01e-12,1.01e-12,erg cm-2 s-1,Integrated Flux,,7.25e+16,2.42e+18,Hz,xray,,,slop_other,1
123429.667,s,2.88e-12,6.47e-13,6.47e-13,erg cm-2 s-1,Integrated Flux,,7.25e+16,2.42e+18,Hz,xray,,,slop_other,1
127099.111,s,5.37e-12,1.23e-12,1.23e-12,erg cm-2 s-1,Integrated Flux,,7.25e+16,2.42e+18,Hz,xray,,,slop_other,1
129017.215,s,4.06e-12,1.06e-12,1.06e-12,erg cm-2 s-1,Integrated Flux,,7.25e+16,2.42e+18,Hz,xray,,,slop_other,1
129256.392,s,4.7e-12,9.52e-13,9.52e-13,erg cm-2 s-1,Integrated Flux,,7.25e+16,2.42e+18,Hz,xray,,,slop_other,1
198589.592,s,2.5e-12,5.37e-13,5.37e-13,erg cm-2 s-1,Integrated Flux,,7.25e+16,2.42e+18,Hz,xray,,,slop_other,1
204368.366,s,2.27e-12,5.13e-13,5.13e-13,erg cm-2 s-1,Integrated Flux,,7.25e+16,2.42e+18,Hz,xray,,,slop_other,1
212662.966,s,2.57e-12,4.16e-13,4.16e-13,erg cm-2 s-1,Integrated Flux,,7.25e+16,2.42e+18,Hz,xray,,,slop_other,1
281808.181,s,2.58e-12,6.74e-13,6.74e-13,erg cm-2 s-1,Integrated Flux,,7.25e+16,2.42e+18,Hz,xray,,,slop_other,1
287776.758,s,1.93e-12,3.41e-13,3.41e-13,erg cm-2 s-1,Integrated Flux,,7.25e+16,2.42e+18,Hz,xray,,,slop_other,1
391425.317,s,8.09e-13,1.78e-13,1.78e-13,erg cm-2 s-1,Integrated Flux,,7.25e+16,2.42e+18,Hz,xray,,,slop_other,1
400289.168,s,1.7e-12,4.2e-13,4.2e-13,erg cm-2 s-1,Integrated Flux,,7.25e+16,2.42e+18,Hz,xray,,,slop_other,1
454221.291,s,7.34e-13,1.95e-13,1.95e-13,erg cm-2 s-1,Integrated Flux,,7.25e+16,2.42e+18,Hz,xray,,,slop_other,1
599045.159,s,7.04e-13,1.73e-13,1.73e-13,erg cm-2 s-1,Integrated Flux,,7.25e+16,2.42e+18,Hz,xray,,,slop_other,1
611998.588,s,7.24e-13,1.56e-13,1.56e-13,erg cm-2 s-1,Integrated Flux,,7.25e+16,2.42e+18,Hz,xray,,,slop_other,1
710277.108,s,3.56e-13,7.44e-14,7.44e-14,erg cm-2 s-1,Integrated Flux,,7.25e+16,2.42e+18,Hz,xray,,,slop_other,1
772109.624,s,3.78e-13,7.72e-14,7.72e-14,erg cm-2 s-1,Integrated Flux,,7.25e+16,2.42e+18,Hz,xray,,,slop_other,1
852471.008,s,4.11e-13,8.2e-14,8.2e-14,erg cm-2 s-1,Integrated Flux,,7.25e+16,2.42e+18,Hz,xray,,,slop_other,1
935555.637,s,3.24e-13,7.18e-14,7.18e-14,erg cm-2 s-1,Integrated Flux,,7.25e+16,2.42e+18,Hz,xray,,,slop_other,1
997171.052,s,3.56e-13,9.07e-14,9.07e-14,erg cm-2 s-1,Integrated Flux,,7.25e+16,2.42e+18,Hz,xray,,,slop_other,1
1012276.836,s,3.08e-13,8.31e-14,8.31e-14,erg cm-2 s-1,Integrated Flux,,7.25e+16,2.42e+18,Hz,xray,,,slop_other,1
1030739.235,s,4.81e-13,1.3e-13,1.3e-13,erg cm-2 s-1,Integrated Flux,,7.25e+16,2.42e+18,Hz,xray,,,slop_other,1
1113606.016,s,2.14e-13,5.82e-14,5.82e-14,erg cm-2 s-1,Integrated Flux,,7.25e+16,2.42e+18,Hz,xray,,,slop_other,1
1128252.303,s,3.57e-13,8.73e-14,8.73e-14,erg cm-2 s-1,Integrated Flux,,7.25e+16,2.42e+18,Hz,xray,,,slop_other,1
1188833.774,s,3.86e-13,9.46e-14,9.46e-14,erg cm-2 s-1,Integrated Flux,,7.25e+16,2.42e+18,Hz,xray,,,slop_other,1
1204906.076,s,2.39e-13,4.84e-14,4.84e-14,erg cm-2 s-1,Integrated Flux,,7.25e+16,2.42e+18,Hz,xray,,,slop_other,1
1288682.367,s,2.18e-13,4.18e-14,4.18e-14,erg cm-2 s-1,Integrated Flux,,7.25e+16,2.42e+18,Hz,xray,,,slop_other,1
1372146.158,s,1.25e-13,3.51e-14,3.51e-14,erg cm-2 s-1,Integrated Flux,,7.25e+16,2.42e+18,Hz,xray,,,slop_other,1
1460205.763,s,1.66e-13,4.44e-14,4.44e-14,erg cm-2 s-1,Integrated Flux,,7.25e+16,2.42e+18,Hz,xray,,,slop_other,1
1535670.003,s,1.04e-13,2.65e-14,2.65e-14,erg cm-2 s-1,Integrated Flux,,7.25e+16,2.42e+18,Hz,xray,,,slop_other,1
1629911.735,s,1.19e-13,3.31e-14,3.31e-14,erg cm-2 s-1,Integrated Flux,,7.25e+16,2.42e+18,Hz,xray,,,slop_other,1
1731606.47,s,1.73e-13,3.6e-14,3.6e-14,erg cm-2 s-1,Integrated Flux,,7.25e+16,2.42e+18,Hz,xray,,,slop_other,1
1832945.53,s,1.15e-13,3.22e-14,3.22e-14,erg cm-2 s-1,Integrated Flux,,7.25e+16,2.42e+18,Hz,xray,,,slop_other,1
2289905.737,s,1.01e-13,2.86e-14,2.86e-14,erg cm-2 s-1,Integrated Flux,,7.25e+16,2.42e+18,Hz,xray,,,slop_other,1
2430968.336,s,1.22e-13,3.15e-14,3.15e-14,erg cm-2 s-1,Integrated Flux,,7.25e+16,2.42e+18,Hz,xray,,,slop_other,1
2569033.43,s,8.53e-14,2.39e-14,2.39e-14,erg cm-2 s-1,Integrated Flux,,7.25e+16,2.42e+18,Hz,xray,,,slop_other,1
2718507.851,s,5.19e-14,1.54e-14,1.54e-14,erg cm-2 s-1,Integrated Flux,,7.25e+16,2.42e+18,Hz,xray,,,slop_other,1
2911337.083,s,8.48e-14,2.39e-14,2.39e-14,erg cm-2 s-1,Integrated Flux,,7.25e+16,2.42e+18,Hz,xray,,,slop_other,1
3239587.046,s,6.52e-14,1.82e-14,1.82e-14,erg cm-2 s-1,Integrated Flux,,7.25e+16,2.42e+18,Hz,xray,,,slop_other,1
4045817.31,s,3.35e-14,1e-14,1e-14,erg cm-2 s-1,Integrated Flux,,7.25e+16,2.42e+18,Hz,xray,,,slop_other,1
4670100.722,s,3.12e-14,9.14e-15,9.14e-15,erg cm-2 s-1,Integrated Flux,,7.25e+16,2.42e+18,Hz,xray,,,slop_other,1
832.0,s,-0.91,0.03,0.03,erg cm-2 s-1,Spectral Index,,7.25e+16,2.42e+18,Hz,,,,,1
38664.0,s,-0.83,0.08,0.08,erg cm-2 s-1,Spectral Index,,7.25e+16,2.42e+18,Hz,,,,,1
